round,condition,iteration,end_to_end_ms,total_compute_ms,non_compute_overhead_ms,total_activation_bytes,num_hops,hop_1_compute_ms,hop_1_deserialize_ms,hop_1_serialize_ms,hop_1_forward_ms,hop_1_activation_bytes,hop_2_compute_ms,hop_2_deserialize_ms,hop_2_serialize_ms,hop_2_forward_ms,hop_2_activation_bytes,hop_3_compute_ms,hop_3_deserialize_ms,hop_3_serialize_ms,hop_3_forward_ms,hop_3_activation_bytes,hop_4_compute_ms,hop_4_deserialize_ms,hop_4_serialize_ms,hop_4_forward_ms,hop_4_activation_bytes,hop_5_compute_ms,hop_5_deserialize_ms,hop_5_serialize_ms,hop_5_forward_ms,hop_5_activation_bytes
1,chain_2svc_split_l1_plain,1,61.053051999806485,54.785174999778974,6.267877000027511,1404928,1,20.923357999890868,0.2667030003067339,0.08640099986223504,37.17535800024052,602112,33.861816999888106,0.399104999814881,0.051701000302273314,0.0,802816,0.0,0.0,0.0,0.0,0,0.0,0.0,0.0,0.0,0,0.0,0.0,0.0,0.0,0
1,chain_2svc_split_l1_plain,2,57.446408000032534,51.25793200022599,6.188475999806542,1404928,1,21.25486200020532,0.4291060004106839,0.07790099971316522,33.0896080004095,602112,30.00307000002067,0.33150399940495845,0.026700000489654485,0.0,802816,0.0,0.0,0.0,0.0,0,0.0,0.0,0.0,0.0,0,0.0,0.0,0.0,0.0,0
1,chain_2svc_split_l1_plain,3,55.61878600019554,49.67781300001661,5.9409730001789285,1404928,1,19.86044499972195,0.2521030000934843,0.07180099964898545,32.8179040006944,602112,29.817368000294664,0.3299039999546949,0.026400000024295878,0.0,802816,0.0,0.0,0.0,0.0,0,0.0,0.0,0.0,0.0,0,0.0,0.0,0.0,0.0,0
1,chain_2svc_split_l1_plain,4,56.082590999722015,49.84241500005737,6.240175999664643,1404928,1,20.27245000044786,0.2806029997373116,0.09380099982081447,32.78910500011989,602112,29.56996499960951,0.3302040004200535,0.02880000010918593,0.0,802816,0.0,0.0,0.0,0.0,0,0.0,0.0,0.0,0.0,0,0.0,0.0,0.0,0.0,0
1,chain_2svc_split_l1_plain,5,56.009590000030585,50.061616999300895,5.947973000729689,1404928,1,20.440751999558415,0.2642030003698892,0.07510100022045663,32.68000300067797,602112,29.62086499974248,0.3415040000618319,0.026701000024331734,0.0,802816,0.0,0.0,0.0,0.0,0,0.0,0.0,0.0,0.0,0,0.0,0.0,0.0,0.0,0
1,chain_2svc_split_l1_plain,6,55.81528899983823,49.753914000575605,6.061374999262625,1404928,1,19.913646000532026,0.2808030003507156,0.09300099918618798,32.76380399984191,602112,29.84026800004358,0.32420400020782836,0.038700999539287295,0.0,802816,0.0,0.0,0.0,0.0,0,0.0,0.0,0.0,0.0,0,0.0,0.0,0.0,0.0,0
1,chain_2svc_split_l1_plain,7,56.58449699967605,50.33162099971378,6.252875999962271,1404928,1,20.859456999460235,0.2991030005432549,0.07970100068632746,32.6317030003338,602112,29.472164000253542,0.33370399978593923,0.02789999962260481,0.0,802816,0.0,0.0,0.0,0.0,0,0.0,0.0,0.0,0.0,0,0.0,0.0,0.0,0.0,0
1,chain_2svc_split_l1_plain,8,57.43739899935463,51.154222000150185,6.283176999204443,1404928,1,20.59285399991495,0.2775030006887391,0.07440099943778478,33.73540599932312,602112,30.561368000235234,0.3286040000602952,0.028700000257231295,0.0,802816,0.0,0.0,0.0,0.0,0,0.0,0.0,0.0,0.0,0,0.0,0.0,0.0,0.0,0
1,chain_2svc_split_l1_plain,9,58.30040000000736,51.91352300062135,6.386876999386004,1404928,1,20.807550000427,0.26070300009450875,0.08720099958736682,34.376513000097475,602112,31.105973000194354,0.36680500033980934,0.029400999665085692,0.0,802816,0.0,0.0,0.0,0.0,0,0.0,0.0,0.0,0.0,0,0.0,0.0,0.0,0.0,0
1,chain_2svc_split_l1_plain,10,57.47279000024719,51.11371499970119,6.3590750005459995,1404928,1,20.539547000225866,0.2592030004961998,0.07470099990314338,33.885706999171816,602112,30.57416799947532,0.34330400012549944,0.027799999770650174,0.0,802816,0.0,0.0,0.0,0.0,0,0.0,0.0,0.0,0.0,0,0.0,0.0,0.0,0.0,0
1,chain_2svc_split_l1_plain,11,57.5963920000504,51.27221499969892,6.324177000351483,1404928,1,20.397544999468664,0.2622030006023124,0.09110100018006051,34.2798120000225,602112,30.874670000230253,0.3400049999982002,0.027301000045554247,0.0,802816,0.0,0.0,0.0,0.0,0,0.0,0.0,0.0,0.0,0,0.0,0.0,0.0,0.0,0
1,chain_2svc_split_l1_plain,12,57.419589000346605,50.9883130007438,6.4312759996028035,1404928,1,20.816350000131933,0.2758030004770262,0.10890099929383723,33.571602999472816,602112,30.171963000611868,0.3372040000613197,0.02879999919969123,0.0,802816,0.0,0.0,0.0,0.0,0,0.0,0.0,0.0,0.0,0,0.0,0.0,0.0,0.0,0
1,chain_2svc_split_l1_plain,13,59.2069120002634,53.07013800029381,6.136773999969591,1404928,1,21.127154000168957,0.2616030005810899,0.14100199950917158,34.97692000019015,602112,31.942984000124852,0.3339040003993432,0.029299999368959107,0.0,802816,0.0,0.0,0.0,0.0,0,0.0,0.0,0.0,0.0,0,0.0,0.0,0.0,0.0,0
1,chain_2svc_split_l1_plain,14,59.87741900025867,53.83104700104013,6.046371999218536,1404928,1,20.756050000272808,0.26580299982015276,0.09060100001079263,36.1976340000183,602112,33.074997000767326,0.3348039999764296,0.029399999220913742,0.0,802816,0.0,0.0,0.0,0.0,0,0.0,0.0,0.0,0.0,0,0.0,0.0,0.0,0.0,0
1,chain_2svc_split_l1_plain,15,59.096210000461724,52.668432999780634,6.42777700068109,1404928,1,21.317355999599386,0.2718030000323779,0.09260099977836944,34.70951700001024,602112,31.35107700018125,0.33060399982787203,0.027299999601382297,0.0,802816,0.0,0.0,0.0,0.0,0,0.0,0.0,0.0,0.0,0,0.0,0.0,0.0,0.0,0
1,chain_2svc_split_l1_plain,16,57.163487000252644,50.94021100012469,6.223276000127953,1404928,1,20.245243000317714,0.265003000095021,0.07200099935289472,33.85850700033188,602112,30.694967999806977,0.33090400029323064,0.02790100006677676,0.0,802816,0.0,0.0,0.0,0.0,0,0.0,0.0,0.0,0.0,0,0.0,0.0,0.0,0.0,0
1,chain_2svc_split_l1_plain,17,62.133446000189,55.79657100042823,6.3368749997607665,1404928,1,23.996189000172308,0.2645029999257531,0.16280199997709133,35.12222199969983,602112,31.800382000255922,0.3548040003806818,0.030700000024808105,0.0,802816,0.0,0.0,0.0,0.0,0,0.0,0.0,0.0,0.0,0,0.0,0.0,0.0,0.0,0
1,chain_2svc_split_l1_plain,18,61.26063600004272,54.96036000022286,6.30027599981986,1404928,1,22.735073000148986,0.26460300068720244,0.08090099981927779,35.40462499950081,602112,32.22528700007388,0.3844050006591715,0.02700000004551839,0.0,802816,0.0,0.0,0.0,0.0,0,0.0,0.0,0.0,0.0,0,0.0,0.0,0.0,0.0,0
1,chain_2svc_split_l1_plain,19,63.5364629997639,56.884383000578964,6.652079999184934,1404928,1,22.95657500053494,0.28340399967419216,0.07540099977632053,37.46335000050749,602112,33.927808000044024,0.4129050003029988,0.028299999939918052,0.0,802816,0.0,0.0,0.0,0.0,0,0.0,0.0,0.0,0.0,0,0.0,0.0,0.0,0.0,0
1,chain_2svc_split_l1_plain,20,56.70638199990208,50.91981100031262,5.786570999589458,1404928,1,21.456757000123616,0.2716039998631459,0.11210199954803102,32.17278600004647,602112,29.463054000189004,0.3358040003149654,0.02499999936844688,0.0,802816,0.0,0.0,0.0,0.0,0,0.0,0.0,0.0,0.0,0,0.0,0.0,0.0,0.0,0
1,chain_2svc_split_l1_plain,21,58.95800899997994,52.723832999618025,6.234176000361913,1404928,1,21.93156299927068,0.26410300051793456,0.07950100007292349,34.007108999503544,602112,30.792270000347344,0.36110399923927616,0.02750000021478627,0.0,802816,0.0,0.0,0.0,0.0,0,0.0,0.0,0.0,0.0,0,0.0,0.0,0.0,0.0,0
1,chain_2svc_split_l1_plain,22,58.66600399986055,52.73283300084586,5.933170999014692,1404928,1,20.47534600023937,0.27810299980046693,0.11620199984463397,35.32212400023127,602112,32.25748700060649,0.3305039999759174,0.02789999962260481,0.0,802816,0.0,0.0,0.0,0.0,0,0.0,0.0,0.0,0.0,0,0.0,0.0,0.0,0.0,0
1,chain_2svc_split_l1_plain,23,57.17638700025418,50.97521199968469,6.201175000569492,1404928,1,20.23204299985082,0.2695030007089372,0.10220100011792965,33.95380799975101,602112,30.74316899983387,0.3339040003993432,0.02630099970701849,0.0,802816,0.0,0.0,0.0,0.0,0,0.0,0.0,0.0,0.0,0,0.0,0.0,0.0,0.0,0
1,chain_2svc_split_l1_plain,24,55.980572999942524,50.02409999997326,5.9564729999692645,1404928,1,20.59794700016937,0.260902999798418,0.11040200024581281,32.45139000046038,602112,29.42615299980389,0.33490399982838426,0.028301000384090003,0.0,802816,0.0,0.0,0.0,0.0,0,0.0,0.0,0.0,0.0,0,0.0,0.0,0.0,0.0,0
1,chain_2svc_split_l1_plain,25,55.000460999508505,48.93998900024599,6.060471999262518,1404928,1,19.857739000144647,0.2639029999045306,0.07050000021990854,32.25868800018361,602112,29.08225000010134,0.3407039994272054,0.026100000468431972,0.0,802816,0.0,0.0,0.0,0.0,0,0.0,0.0,0.0,0.0,0,0.0,0.0,0.0,0.0,0
1,chain_2svc_split_l1_plain,26,58.21819999982836,52.51332999978331,5.704870000045048,1404928,1,20.955650999894715,0.2604040000733221,0.16040199989220127,34.42521399938414,602112,31.557678999888594,0.3378040000825422,0.02720100019359961,0.0,802816,0.0,0.0,0.0,0.0,0,0.0,0.0,0.0,0.0,0,0.0,0.0,0.0,0.0,0
1,chain_2svc_split_l1_plain,27,58.98090800019418,52.83993399916653,6.140974001027644,1404928,1,22.022763999302697,0.2979040000354871,0.13030200079811038,34.155809999901976,602112,30.817169999863836,0.3547040005287272,0.02720100019359961,0.0,802816,0.0,0.0,0.0,0.0,0,0.0,0.0,0.0,0.0,0,0.0,0.0,0.0,0.0,0
1,chain_2svc_split_l1_plain,28,58.66170500030421,52.675233000627486,5.9864719996767235,1404928,1,22.026364999874204,0.2944030002254294,0.07660099981876556,33.78400600013265,602112,30.648868000753282,0.35440499959804583,0.027399999453336932,0.0,802816,0.0,0.0,0.0,0.0,0,0.0,0.0,0.0,0.0,0,0.0,0.0,0.0,0.0,0
1,chain_2svc_split_l1_plain,29,58.70460500045738,52.67373300011968,6.030872000337695,1404928,1,20.98595200004638,0.2656030001162435,0.080101000094146,34.92001999984495,602112,31.6877810000733,0.3572040004655719,0.027999999474559445,0.0,802816,0.0,0.0,0.0,0.0,0,0.0,0.0,0.0,0.0,0,0.0,0.0,0.0,0.0,0
1,chain_2svc_split_l1_plain,30,55.67016900022281,49.70349600080226,5.9666729994205525,1404928,1,19.606435000241618,0.2635040000313893,0.08760099990468007,33.14359800060629,602112,30.097061000560643,0.351204999788024,0.02700000004551839,0.0,802816,0.0,0.0,0.0,0.0,0,0.0,0.0,0.0,0.0,0,0.0,0.0,0.0,0.0,0
1,chain_2svc_split_l1_plain,31,59.804217999953835,53.9578480002092,5.846369999744638,1404928,1,20.360845000141126,0.2699030001167557,0.10510100037208758,36.43673799979297,602112,33.59700300006807,0.329403999785427,0.027601000510912854,0.0,802816,0.0,0.0,0.0,0.0,0,0.0,0.0,0.0,0.0,0,0.0,0.0,0.0,0.0,0
1,chain_2svc_split_l1_plain,32,60.70582899974397,54.83715799982747,5.868670999916503,1404928,1,21.482457999809412,0.2671029997145524,0.1012010006888886,36.371536999467935,602112,33.354700000018056,0.3342039999552071,0.0297010001304443,0.0,802816,0.0,0.0,0.0,0.0,0,0.0,0.0,0.0,0.0,0,0.0,0.0,0.0,0.0,0
1,chain_2svc_split_l1_plain,33,59.060309000415145,53.05403700003808,6.006272000377066,1404928,1,20.886151000013342,0.26430300022184383,0.14450199978455203,35.13402200042037,602112,32.16788600002474,0.3460040006757481,0.029100999199727084,0.0,802816,0.0,0.0,0.0,0.0,0,0.0,0.0,0.0,0.0,0,0.0,0.0,0.0,0.0,0
1,chain_2svc_split_l1_plain,34,58.70360499920935,52.64833199998975,6.055272999219596,1404928,1,20.599847000084992,0.261903999671631,0.10700100028770976,35.12492200025008,602112,32.04848499990476,0.333303999468626,0.026501000320422463,0.0,802816,0.0,0.0,0.0,0.0,0,0.0,0.0,0.0,0.0,0,0.0,0.0,0.0,0.0,0
1,chain_2svc_split_l1_plain,35,57.425989999501326,51.33101699993858,6.094972999562742,1404928,1,20.712849000119604,0.26380300005257595,0.0863010000102804,33.776706000026024,602112,30.61816799981898,0.3348039999764296,0.028100000236008782,0.0,802816,0.0,0.0,0.0,0.0,0,0.0,0.0,0.0,0.0,0,0.0,0.0,0.0,0.0,0
1,chain_2svc_split_l1_plain,36,57.66979200052447,51.560619998781476,6.109172001742991,1404928,1,20.142541999121022,0.2636030003486667,0.0818010003058589,34.512414999881,602112,31.418077999660454,0.3333040003781207,0.02750000021478627,0.0,802816,0.0,0.0,0.0,0.0,0,0.0,0.0,0.0,0.0,0,0.0,0.0,0.0,0.0,0
1,chain_2svc_split_l1_plain,37,57.92449599994143,51.68152100031875,6.242974999622675,1404928,1,20.406945000104315,0.2690029996301746,0.0767009996707202,34.48621400002594,602112,31.274576000214438,0.3682039996419917,0.028299999939918052,0.0,802816,0.0,0.0,0.0,0.0,0,0.0,0.0,0.0,0.0,0,0.0,0.0,0.0,0.0,0
1,chain_2svc_split_l1_plain,38,58.14909800028545,51.97362400031125,6.175473999974201,1404928,1,19.948840000324708,0.2594030002001091,0.0770009992265841,35.213723000197206,602112,32.02478399998654,0.35140500040142797,0.02900099934777245,0.0,802816,0.0,0.0,0.0,0.0,0,0.0,0.0,0.0,0.0,0,0.0,0.0,0.0,0.0,0
1,chain_2svc_split_l1_plain,39,57.51849099942774,51.0757130005004,6.44277799892734,1404928,1,20.53734700075438,0.2634029997352627,0.09060100001079263,33.99160800017853,602112,30.53836599974602,0.34220399993500905,0.02770100036286749,0.0,802816,0.0,0.0,0.0,0.0,0,0.0,0.0,0.0,0.0,0,0.0,0.0,0.0,0.0,0
1,chain_2svc_split_l1_plain,40,56.06007400001545,49.92419999962294,6.135874000392505,1404928,1,19.864738999785914,0.26550300026428886,0.07120100053725764,33.336500000586966,602112,30.05946099983703,0.32950400054687634,0.028000000384054147,0.0,802816,0.0,0.0,0.0,0.0,0,0.0,0.0,0.0,0.0,0,0.0,0.0,0.0,0.0,0
1,chain_2svc_split_l1_plain,41,58.96970799949486,52.83333399984258,6.136373999652278,1404928,1,21.678959999917424,0.25990300036937697,0.07400100002996624,34.300012000130664,602112,31.154373999925156,0.3322039992781356,0.02610100000310922,0.0,802816,0.0,0.0,0.0,0.0,0,0.0,0.0,0.0,0.0,0,0.0,0.0,0.0,0.0,0
1,chain_2svc_split_l1_plain,42,58.796106000045256,52.82443500072986,5.971670999315393,1404928,1,21.388857000602002,0.26690300001064315,0.07140099933167221,34.497814000133076,602112,31.43557800012786,0.32860299961612327,0.033401000109734014,0.0,802816,0.0,0.0,0.0,0.0,0,0.0,0.0,0.0,0.0,0,0.0,0.0,0.0,0.0,0
1,chain_2svc_split_l1_plain,43,59.42431400035275,53.166738000072655,6.257576000280096,1404928,1,21.650659999977506,0.2643039997565211,0.117801000669715,34.76071800014324,602112,31.51607800009515,0.33770400023058755,0.027400999897508882,0.0,802816,0.0,0.0,0.0,0.0,0,0.0,0.0,0.0,0.0,0,0.0,0.0,0.0,0.0,0
1,chain_2svc_split_l1_plain,44,59.657517000232474,53.28843900042557,6.369077999806905,1404928,1,21.18295400032366,0.2602029999252409,0.12120199971832335,35.5555269998149,602112,32.10548500010191,0.3314040004624985,0.025600999833841342,0.0,802816,0.0,0.0,0.0,0.0,0,0.0,0.0,0.0,0.0,0,0.0,0.0,0.0,0.0,0
1,chain_2svc_split_l1_plain,45,57.175386999915645,51.04561299958732,6.129774000328325,1404928,1,20.299744000112696,0.26610300028551137,0.12410099952830933,34.03680900009931,602112,30.745868999474624,0.3434039999774541,0.02750000021478627,0.0,802816,0.0,0.0,0.0,0.0,0,0.0,0.0,0.0,0.0,0,0.0,0.0,0.0,0.0,0
1,chain_2svc_split_l1_plain,46,56.666479999876174,50.69671000001108,5.969769999865093,1404928,1,19.949040000028617,0.26610299937601667,0.07510100022045663,33.81120599988208,602112,30.747669999982463,0.32330399972124724,0.029800000447721686,0.0,802816,0.0,0.0,0.0,0.0,0,0.0,0.0,0.0,0.0,0,0.0,0.0,0.0,0.0,0
1,chain_2svc_split_l1_plain,47,59.0247090003686,53.18363900005352,5.841070000315085,1404928,1,21.59255900005519,0.2714040001592366,0.07610099964949768,34.695217000262346,602112,31.59107999999833,0.3401040003154776,0.03169999945384916,0.0,802816,0.0,0.0,0.0,0.0,0,0.0,0.0,0.0,0.0,0,0.0,0.0,0.0,0.0,0
1,chain_2svc_split_l1_plain,48,60.52202699993359,54.42095399939717,6.101073000536417,1404928,1,21.382656999776373,0.26300299941794947,0.12260200037417235,36.2447349998547,602112,33.0382969996208,0.33590400016692,0.030199999855540227,0.0,802816,0.0,0.0,0.0,0.0,0,0.0,0.0,0.0,0.0,0,0.0,0.0,0.0,0.0,0
1,chain_2svc_split_l1_plain,49,61.43223799972475,55.28516300091724,6.147074998807511,1404928,1,21.58255900030781,0.2628029997140402,0.08360099946003174,36.80394300045009,602112,33.702604000609426,0.3490049994070432,0.027700999453372788,0.0,802816,0.0,0.0,0.0,0.0,0,0.0,0.0,0.0,0.0,0,0.0,0.0,0.0,0.0,0
1,chain_2svc_split_l1_plain,50,63.817366999501246,57.70189299983031,6.1154739996709395,1404928,1,21.57055899988336,0.2637030002006213,0.08230100047512678,39.265872000214586,602112,36.131333999946946,0.3269039998485823,0.033401000109734014,0.0,802816,0.0,0.0,0.0,0.0,0,0.0,0.0,0.0,0.0,0,0.0,0.0,0.0,0.0,0
1,chain_2svc_split_l1_plain,51,60.60872900070535,54.550056000152836,6.058673000552517,1404928,1,22.922576000382833,0.26890299977821996,0.09790100011741742,34.86031899956288,602112,31.627479999770003,0.35460399976727786,0.02720100019359961,0.0,802816,0.0,0.0,0.0,0.0,0,0.0,0.0,0.0,0.0,0,0.0,0.0,0.0,0.0,0
1,chain_2svc_split_l1_plain,52,56.941284000458836,51.18061599932844,5.760668001130398,1404928,1,20.195542999317695,0.2583030000096187,0.09280100039177341,34.077209000315634,602112,30.985073000010743,0.3406040004847455,0.030000000151630957,0.0,802816,0.0,0.0,0.0,0.0,0,0.0,0.0,0.0,0.0,0,0.0,0.0,0.0,0.0,0
1,chain_2svc_split_l1_plain,53,58.48620200049481,52.427329999773065,6.058872000721749,1404928,1,20.5470470000364,0.26570299996819813,0.07370100047410233,35.05842100003065,602112,31.880282999736664,0.3291040002295631,0.026200000320386607,0.0,802816,0.0,0.0,0.0,0.0,0,0.0,0.0,0.0,0.0,0,0.0,0.0,0.0,0.0,0
1,chain_2svc_split_l1_plain,54,56.4147770001,51.007713000217336,5.407063999882666,1404928,1,19.93404000040755,0.2628029997140402,0.07190099950094009,33.84740599994984,602112,31.073672999809787,0.38330400002450915,0.027400999897508882,0.0,802816,0.0,0.0,0.0,0.0,0,0.0,0.0,0.0,0.0,0,0.0,0.0,0.0,0.0,0
1,chain_2svc_split_l1_plain,55,57.36128899934556,51.46541700014495,5.895871999200608,1404928,1,20.184041999527835,0.26060399977723137,0.07480100066459272,34.37611299978016,602112,31.281375000617118,0.334503999511071,0.028000999918731395,0.0,802816,0.0,0.0,0.0,0.0,0,0.0,0.0,0.0,0.0,0,0.0,0.0,0.0,0.0,0
1,chain_2svc_split_l1_plain,56,57.35848899985285,51.27881499902287,6.079674000829982,1404928,1,20.273842999813496,0.2594030002001091,0.0925009999264148,34.10240999983216,602112,31.004971999209374,0.33820400039985543,0.028301000384090003,0.0,802816,0.0,0.0,0.0,0.0,0,0.0,0.0,0.0,0.0,0,0.0,0.0,0.0,0.0,0
1,chain_2svc_split_l1_plain,57,58.21419899984903,52.09782499969151,6.116374000157521,1404928,1,20.876249999673746,0.25900299988279585,0.07790099971316522,34.511314000155835,602112,31.221575000017765,0.34850500014727004,0.03099999958067201,0.0,802816,0.0,0.0,0.0,0.0,0,0.0,0.0,0.0,0.0,0,0.0,0.0,0.0,0.0,0
1,chain_2svc_split_l1_plain,58,57.508491000589856,51.301016000252275,6.207475000337581,1404928,1,20.35944500039477,0.2659029996721074,0.0970009996308363,34.11690999928396,602112,30.941570999857504,0.3444049998506671,0.027400999897508882,0.0,802816,0.0,0.0,0.0,0.0,0,0.0,0.0,0.0,0.0,0,0.0,0.0,0.0,0.0,0
1,chain_2svc_split_l1_plain,59,59.706617000301776,53.58364299900131,6.122974001300463,1404928,1,21.195653999711794,0.29290400016179774,0.09930100077326642,35.43692499988538,602112,32.38798899928952,0.33680400065350113,0.02930000027845381,0.0,802816,0.0,0.0,0.0,0.0,0,0.0,0.0,0.0,0.0,0,0.0,0.0,0.0,0.0,0
1,chain_2svc_split_l1_plain,60,58.00119699961215,51.9298239996715,6.07137299994065,1404928,1,21.020053000029293,0.26610299937601667,0.0787010003477917,34.087410000211094,602112,30.909770999642205,0.3435039998294087,0.028299999939918052,0.0,802816,0.0,0.0,0.0,0.0,0,0.0,0.0,0.0,0.0,0,0.0,0.0,0.0,0.0,0
1,chain_2svc_split_l1_plain,61,57.6281920002657,51.493418000063684,6.134774000202015,1404928,1,20.338944000286574,0.2699030001167557,0.07370099956460763,34.33051199954207,602112,31.15447399977711,0.33710400020936504,0.028401000236044638,0.0,802816,0.0,0.0,0.0,0.0,0,0.0,0.0,0.0,0.0,0,0.0,0.0,0.0,0.0,0
1,chain_2svc_split_l1_plain,62,58.9536079996833,52.88463600027171,6.068971999411588,1404928,1,20.20484300010139,0.25980299960792763,0.10190099965257104,35.90283100038505,602112,32.67979300017032,0.3367039998920518,0.027799999770650174,0.0,802816,0.0,0.0,0.0,0.0,0,0.0,0.0,0.0,0.0,0,0.0,0.0,0.0,0.0,0
1,chain_2svc_split_l1_plain,63,57.25598800017906,51.29791700073838,5.958070999440679,1404928,1,20.6153480003195,0.2631030001793988,0.07620099950145232,33.79120600038732,602112,30.68256900041888,0.3390040001249872,0.02919999951700447,0.0,802816,0.0,0.0,0.0,0.0,0,0.0,0.0,0.0,0.0,0,0.0,0.0,0.0,0.0,0
1,chain_2svc_split_l1_plain,64,58.85180699988268,52.63703299988265,6.214774000000034,1404928,1,20.856250999713666,0.28410300001269206,0.07360099971265299,35.044220000600035,602112,31.780782000168983,0.3344039996591164,0.029800000447721686,0.0,802816,0.0,0.0,0.0,0.0,0,0.0,0.0,0.0,0.0,0,0.0,0.0,0.0,0.0,0
1,chain_2svc_split_l1_plain,65,59.023109000008844,52.96793700017588,6.0551719998329645,1404928,1,21.02795300015714,0.2664029998413753,0.0742009997338755,35.11892199912836,602112,31.93998400001874,0.34050400063279085,0.02699999913602369,0.0,802816,0.0,0.0,0.0,0.0,0,0.0,0.0,0.0,0.0,0,0.0,0.0,0.0,0.0,0
1,chain_2svc_split_l1_plain,66,58.74470599974302,52.552531999936036,6.1921739998069825,1404928,1,19.983740000498074,0.26120300026377663,0.09890199999063043,35.8828309999808,602112,32.56879199943796,0.3575040000214358,0.02949999998236308,0.0,802816,0.0,0.0,0.0,0.0,0,0.0,0.0,0.0,0.0,0,0.0,0.0,0.0,0.0,0
1,chain_2svc_split_l1_plain,67,57.86899499980791,51.67102000086743,6.197974998940481,1404928,1,20.05554100014706,0.2619030001369538,0.07630100026290165,34.85591899971041,602112,31.61547900072037,0.34000399955402827,0.0283009994745953,0.0,802816,0.0,0.0,0.0,0.0,0,0.0,0.0,0.0,0.0,0,0.0,0.0,0.0,0.0,0
1,chain_2svc_split_l1_plain,68,58.8085070003217,52.770933000829245,6.0375739994924515,1404928,1,20.507646000623936,0.2688039994609426,0.07520099916291656,35.54672700010997,602112,32.26328700020531,0.3395040002942551,0.028200000087963417,0.0,802816,0.0,0.0,0.0,0.0,0,0.0,0.0,0.0,0.0,0,0.0,0.0,0.0,0.0,0
1,chain_2svc_split_l1_plain,69,59.432914000353776,53.29893999987689,6.133974000476883,1404928,1,20.51164600015909,0.2695029997994425,0.07610099964949768,36.05213299942989,602112,32.787293999717804,0.32870399991224986,0.030000000151630957,0.0,802816,0.0,0.0,0.0,0.0,0,0.0,0.0,0.0,0.0,0,0.0,0.0,0.0,0.0,0
1,chain_2svc_split_l1_plain,70,60.541627000020526,54.354853000404546,6.18677399961598,1404928,1,21.40705700003309,0.26350300049671205,0.10480199944140622,36.1956349997854,602112,32.947796000371454,0.3330039999127621,0.03099999958067201,0.0,802816,0.0,0.0,0.0,0.0,0,0.0,0.0,0.0,0.0,0,0.0,0.0,0.0,0.0,0
1,chain_2svc_split_l1_plain,71,60.25612400026148,54.2289509994589,6.027173000802577,1404928,1,21.221254999545636,0.2647030005391571,0.09130099988396978,36.08023300057539,602112,33.00769599991327,0.3417049993004184,0.02990000029967632,0.0,802816,0.0,0.0,0.0,0.0,0,0.0,0.0,0.0,0.0,0,0.0,0.0,0.0,0.0,0
1,chain_2svc_split_l1_plain,72,60.84463099978166,54.744356999435695,6.100274000345962,1404928,1,21.163653999792587,0.26440300007379847,0.08450099994661286,36.80344299937133,602112,33.58070299964311,0.3452040000411216,0.030401000003621448,0.0,802816,0.0,0.0,0.0,0.0,0,0.0,0.0,0.0,0.0,0,0.0,0.0,0.0,0.0,0
1,chain_2svc_split_l1_plain,73,61.50653900022007,54.96036000022286,6.54617899999721,1404928,1,21.7008600002373,0.29130399980203947,0.07770100000925595,36.73674099991331,602112,33.259499999985565,0.35010400006285636,0.027799999770650174,0.0,802816,0.0,0.0,0.0,0.0,0,0.0,0.0,0.0,0.0,0,0.0,0.0,0.0,0.0,0
1,chain_2svc_split_l1_plain,74,59.83811900023284,53.614444998856925,6.223674001375912,1404928,1,21.25785599946539,0.26460300068720244,0.07780099986121058,35.51802600031806,602112,32.35658899939153,0.34020400016743224,0.028299999939918052,0.0,802816,0.0,0.0,0.0,0.0,0,0.0,0.0,0.0,0.0,0,0.0,0.0,0.0,0.0,0
1,chain_2svc_split_l1_plain,75,59.18781099990156,53.38014100016153,5.807669999740028,1404928,1,21.40995700028725,0.27930299984291196,0.12010199952783296,34.901918999821646,602112,31.97018399987428,0.34050400063279085,0.029599999834317714,0.0,802816,0.0,0.0,0.0,0.0,0,0.0,0.0,0.0,0.0,0,0.0,0.0,0.0,0.0,0
1,chain_2svc_split_l1_plain,76,61.012733000097796,54.78565900011745,6.227073999980348,1404928,1,22.213066999938746,0.27280300037091365,0.13840199972037226,35.771630000454024,602112,32.5725920001787,0.3370040003574104,0.031200000194075983,0.0,802816,0.0,0.0,0.0,0.0,0,0.0,0.0,0.0,0.0,0,0.0,0.0,0.0,0.0,0
1,chain_2svc_split_l1_plain,77,60.50152700026956,54.54285500036349,5.958671999906073,1404928,1,21.64095999978599,0.26560400056041544,0.08590099969296716,35.96363199994812,602112,32.9018950005775,0.33800399978645146,0.029399999220913742,0.0,802816,0.0,0.0,0.0,0.0,0,0.0,0.0,0.0,0.0,0,0.0,0.0,0.0,0.0,0
1,chain_2svc_split_l1_plain,78,60.33082500016462,54.20755100021779,6.123273999946832,1404928,1,21.608160000141652,0.26180299937550444,0.08310100020025857,35.93313199962722,602112,32.59939100007614,0.3430050001043128,0.03330100025777938,0.0,802816,0.0,0.0,0.0,0.0,0,0.0,0.0,0.0,0.0,0,0.0,0.0,0.0,0.0,0
1,chain_2svc_split_l1_plain,79,60.184222999851045,54.26755200005573,5.916670999795315,1404928,1,21.47185800004081,0.25700300011521904,0.08540099952369928,35.98103300009825,602112,32.79569400001492,0.33680399974400643,0.029099999665049836,0.0,802816,0.0,0.0,0.0,0.0,0,0.0,0.0,0.0,0.0,0,0.0,0.0,0.0,0.0,0
1,chain_2svc_split_l1_plain,80,58.633304000068165,52.755833999981405,5.87747000008676,1404928,1,20.81925000038609,0.2592029995867051,0.08330099990416784,34.906718999991426,602112,31.936583999595314,0.33520400029374287,0.028100000236008782,0.0,802816,0.0,0.0,0.0,0.0,0,0.0,0.0,0.0,0.0,0,0.0,0.0,0.0,0.0,0
1,chain_2svc_split_l1_plain,81,61.1744349998844,55.21996300012688,5.954471999757516,1404928,1,21.154654000383744,0.2569030002632644,0.0773009996919427,37.10594600033801,602112,34.06530899974314,0.3457040002103895,0.031601000046066474,0.0,802816,0.0,0.0,0.0,0.0,0,0.0,0.0,0.0,0.0,0,0.0,0.0,0.0,0.0,0
1,chain_2svc_split_l1_plain,82,61.93444400014414,55.67646799954673,6.257976000597409,1404928,1,22.01996399980999,0.26460299977770774,0.14170200029184343,36.780542000087735,602112,33.65650399973674,0.3407039994272054,0.02990000029967632,0.0,802816,0.0,0.0,0.0,0.0,0,0.0,0.0,0.0,0.0,0,0.0,0.0,0.0,0.0,0
1,chain_2svc_split_l1_plain,83,75.97771199925774,69.40273399959551,6.574977999662224,1404928,1,31.530278999525763,0.2626030000101309,0.09340100041299593,41.303295999568945,602112,37.87245500006975,0.3559039996616775,0.030901000172889326,0.0,802816,0.0,0.0,0.0,0.0,0,0.0,0.0,0.0,0.0,0,0.0,0.0,0.0,0.0,0
1,chain_2svc_split_l1_plain,84,60.154922000037914,53.882647000136785,6.2722749999011285,1404928,1,21.308356000190543,0.2574029995230376,0.09140099973592442,36.09863400015456,602112,32.57429099994624,0.3356040006110561,0.02989999939018162,0.0,802816,0.0,0.0,0.0,0.0,0,0.0,0.0,0.0,0.0,0,0.0,0.0,0.0,0.0,0
1,chain_2svc_split_l1_plain,85,61.40223799957312,54.988060999676236,6.414176999896881,1404928,1,22.679073000290373,0.2676029998838203,0.09570099973643664,35.78603000005387,602112,32.30898799938586,0.3322040001876303,0.028100000236008782,0.0,802816,0.0,0.0,0.0,0.0,0,0.0,0.0,0.0,0.0,0,0.0,0.0,0.0,0.0,0
1,chain_2svc_split_l1_plain,86,61.06543300029443,55.114662000050885,5.950771000243549,1404928,1,22.885074999976496,0.2623029995447723,0.10550200022407807,35.22972300015681,602112,32.22958700007439,0.3317040000183624,0.028401000236044638,0.0,802816,0.0,0.0,0.0,0.0,0,0.0,0.0,0.0,0.0,0,0.0,0.0,0.0,0.0,0
1,chain_2svc_split_l1_plain,87,60.47382699944137,54.20895200040832,6.264874999033054,1404928,1,21.56085900060134,0.2631030001793988,0.08650099971418967,35.96863199982181,602112,32.64809299980698,0.341204000505968,0.028200000087963417,0.0,802816,0.0,0.0,0.0,0.0,0,0.0,0.0,0.0,0.0,0,0.0,0.0,0.0,0.0,0
1,chain_2svc_split_l1_plain,88,58.1504980000318,51.73932199977571,6.411176000256091,1404928,1,20.83295000011276,0.2717039997151005,0.09730100009619491,34.25301199968089,602112,30.90637199966295,0.34810400029527955,0.028300000849412754,0.0,802816,0.0,0.0,0.0,0.0,0,0.0,0.0,0.0,0.0,0,0.0,0.0,0.0,0.0,0
1,chain_2svc_split_l1_plain,89,60.83813100030966,54.520855001101154,6.317275999208505,1404928,1,21.720761000324273,0.26370399973529857,0.08470099965052214,36.114833999818075,602112,32.80009400077688,0.3451039992796723,0.028399999791872688,0.0,802816,0.0,0.0,0.0,0.0,0,0.0,0.0,0.0,0.0,0,0.0,0.0,0.0,0.0,0
1,chain_2svc_split_l1_plain,90,58.73740600054589,52.62973099888768,6.107675001658208,1404928,1,21.20185399962793,0.2561030005381326,0.1599019997229334,34.596716000123706,602112,31.42787699925975,0.33090400029323064,0.028301000384090003,0.0,802816,0.0,0.0,0.0,0.0,0,0.0,0.0,0.0,0.0,0,0.0,0.0,0.0,0.0,0
1,chain_2svc_split_l1_plain,91,58.8217069998791,52.586331000384234,6.235375999494863,1404928,1,20.972252000319713,0.25840299986157333,0.09730199963087216,34.86901900032535,602112,31.61407900006452,0.3407040003367001,0.028401000236044638,0.0,802816,0.0,0.0,0.0,0.0,0,0.0,0.0,0.0,0.0,0,0.0,0.0,0.0,0.0,0
1,chain_2svc_split_l1_plain,92,57.04348499966727,50.97851299979084,6.064971999876434,1404928,1,20.881051000287698,0.26460299977770774,0.10680199920898303,33.31549999984418,602112,30.09746199950314,0.3522039996823878,0.026000000616477337,0.0,802816,0.0,0.0,0.0,0.0,0,0.0,0.0,0.0,0.0,0,0.0,0.0,0.0,0.0,0
1,chain_2svc_split_l1_plain,93,60.19282299985207,53.18393899960938,7.008884000242688,1404928,1,21.573658999841427,0.28060400018148357,0.14180200014379807,34.81881800053088,602112,31.610279999767954,0.33690399959596107,0.044101000639784615,0.0,802816,0.0,0.0,0.0,0.0,0,0.0,0.0,0.0,0.0,0,0.0,0.0,0.0,0.0,0
1,chain_2svc_split_l1_plain,94,58.698904999801016,52.577931999621796,6.1209730001792195,1404928,1,20.591047999914736,0.26630299998942064,0.07590099994558841,35.230923000199255,602112,31.98688399970706,0.3334040002300753,0.026501000320422463,0.0,802816,0.0,0.0,0.0,0.0,0,0.0,0.0,0.0,0.0,0,0.0,0.0,0.0,0.0,0
1,chain_2svc_split_l1_plain,95,57.9130959995382,51.62492000090424,6.28817599863396,1404928,1,20.465745000365132,0.26250399969285354,0.11450199963292107,34.536014999503095,602112,31.159175000539108,0.3370039994479157,0.028200000087963417,0.0,802816,0.0,0.0,0.0,0.0,0,0.0,0.0,0.0,0.0,0,0.0,0.0,0.0,0.0,0
1,chain_2svc_split_l1_plain,96,57.877195000401116,51.68992099970637,6.187274000694742,1404928,1,20.61264799976925,0.26180300028499914,0.07269999969139462,34.280611999747634,602112,31.077272999937122,0.3297039993412909,0.027099999897473026,0.0,802816,0.0,0.0,0.0,0.0,0,0.0,0.0,0.0,0.0,0,0.0,0.0,0.0,0.0,0
1,chain_2svc_split_l1_plain,97,57.812094999462715,51.737920999585185,6.07417399987753,1404928,1,20.643847999963327,0.2538030003051972,0.0739010001780116,34.27091100002144,602112,31.094072999621858,0.3314040004624985,0.027801000214822125,0.0,802816,0.0,0.0,0.0,0.0,0,0.0,0.0,0.0,0.0,0,0.0,0.0,0.0,0.0,0
1,chain_2svc_split_l1_plain,98,56.8600830001742,50.888711000879994,5.971371999294206,1404928,1,20.563747000778676,0.2592029995867051,0.07620099950145232,33.61660400059918,602112,30.324964000101318,0.33540399999765214,0.026200000320386607,0.0,802816,0.0,0.0,0.0,0.0,0,0.0,0.0,0.0,0.0,0,0.0,0.0,0.0,0.0,0
1,chain_2svc_split_l1_plain,99,59.30821199945058,53.27073999978893,6.037471999661648,1404928,1,20.296843999858538,0.2572029998191283,0.07910099975561025,36.037032999956864,602112,32.97389599993039,0.33430400071665645,0.029399999220913742,0.0,802816,0.0,0.0,0.0,0.0,0,0.0,0.0,0.0,0.0,0,0.0,0.0,0.0,0.0,0
1,chain_2svc_split_l1_plain,100,68.95542799975374,62.36894899939216,6.586479000361578,1404928,1,29.13894999983313,0.30430300012085354,0.15330200039898045,36.65524100051698,602112,33.22999899955903,0.32950400054687634,0.031800999749975745,0.0,802816,0.0,0.0,0.0,0.0,0,0.0,0.0,0.0,0.0,0,0.0,0.0,0.0,0.0,0
1,chain_2svc_split_l1_plain,101,59.81681900084368,53.58704399986891,6.229775000974769,1404928,1,21.06875299978128,0.2557030002208194,0.07760100015730131,35.78173000005336,602112,32.51829100008763,0.3384040001037647,0.02930000027845381,0.0,802816,0.0,0.0,0.0,0.0,0,0.0,0.0,0.0,0.0,0,0.0,0.0,0.0,0.0,0
1,chain_2svc_split_l1_plain,102,56.7863819997001,50.785411001015746,6.000970998684352,1404928,1,20.255944000382442,0.25140300022030715,0.07120000009308569,33.73100600038015,602112,30.529467000633304,0.3266039993832237,0.027600000066740904,0.0,802816,0.0,0.0,0.0,0.0,0,0.0,0.0,0.0,0.0,0,0.0,0.0,0.0,0.0,0
1,chain_2svc_split_l1_plain,103,57.71599300078378,51.543820000006235,6.172173000777548,1404928,1,20.265844000277866,0.2595030000520637,0.07640100011485629,34.506114000578236,602112,31.27797599972837,0.3280040000390727,0.027600000066740904,0.0,802816,0.0,0.0,0.0,0.0,0,0.0,0.0,0.0,0.0,0,0.0,0.0,0.0,0.0,0
1,chain_2svc_split_l1_plain,104,56.27847599953384,50.100501000088116,6.177974999445723,1404928,1,20.20374199946673,0.25450300017837435,0.08610100030637113,33.22309899976972,602112,29.896759000621387,0.33430399980716174,0.027499999305291567,0.0,802816,0.0,0.0,0.0,0.0,0,0.0,0.0,0.0,0.0,0,0.0,0.0,0.0,0.0,0
1,chain_2svc_split_l1_plain,105,56.86958299975231,51.18981499981601,5.679767999936303,1404928,1,20.224042999871017,0.25730299967108294,0.0736010006221477,33.9562079998359,602112,30.96577199994499,0.34440400031598983,0.028301000384090003,0.0,802816,0.0,0.0,0.0,0.0,0,0.0,0.0,0.0,0.0,0,0.0,0.0,0.0,0.0,0
1,chain_2svc_split_l1_plain,106,58.258800000658084,52.13332599942078,6.125474001237308,1404928,1,20.75134899951081,0.25170300068566576,0.07860100049583707,34.66771700004756,602112,31.381976999909966,0.3280040000390727,0.027100999432150275,0.0,802816,0.0,0.0,0.0,0.0,0,0.0,0.0,0.0,0.0,0,0.0,0.0,0.0,0.0,0
1,chain_2svc_split_l1_plain,107,57.62489200060372,51.48471899974538,6.14017300085834,1404928,1,20.15764299994771,0.2549029995861929,0.11140100014017662,34.63121599997976,602112,31.32707599979767,0.3311039999971399,0.026401000468467828,0.0,802816,0.0,0.0,0.0,0.0,0,0.0,0.0,0.0,0.0,0,0.0,0.0,0.0,0.0,0
1,chain_2svc_split_l1_plain,108,58.570403999510745,52.60383099903265,5.966573000478093,1404928,1,21.16155399926356,0.2678030004972243,0.11140200058434857,34.50341400002799,602112,31.442276999769092,0.335704999997688,0.027500999749463517,0.0,802816,0.0,0.0,0.0,0.0,0,0.0,0.0,0.0,0.0,0,0.0,0.0,0.0,0.0,0
1,chain_2svc_split_l1_plain,109,57.24328799988143,51.032313000177965,6.210974999703467,1404928,1,20.370445000480686,0.25530299990350613,0.10070099961012602,33.98980899964954,602112,30.66186799969728,0.32750400077929953,0.026499999876250513,0.0,802816,0.0,0.0,0.0,0.0,0,0.0,0.0,0.0,0.0,0,0.0,0.0,0.0,0.0,0
1,chain_2svc_split_l1_plain,110,56.6254810000828,50.459005999982764,6.166475000100036,1404928,1,20.79574999970646,0.25170299977617105,0.07580100009363377,32.952296000075876,602112,29.663256000276306,0.3316040001664078,0.02719999974942766,0.0,802816,0.0,0.0,0.0,0.0,0,0.0,0.0,0.0,0.0,0,0.0,0.0,0.0,0.0,0
1,chain_2svc_split_l1_plain,111,57.35658899993723,51.29731699980766,6.0592720001295675,1404928,1,20.56834799986973,0.2721029995882418,0.07929999992484227,33.87220700005855,602112,30.728968999937933,0.32790400018711807,0.03709999964485178,0.0,802816,0.0,0.0,0.0,0.0,0,0.0,0.0,0.0,0.0,0,0.0,0.0,0.0,0.0,0
1,chain_2svc_split_l1_plain,112,58.957407999514544,52.72773300021072,6.229674999303825,1404928,1,20.39614499972231,0.27040399982070085,0.07590000041091116,35.63092799959122,602112,32.33158800048841,0.40060500032268465,0.027800999305327423,0.0,802816,0.0,0.0,0.0,0.0,0,0.0,0.0,0.0,0.0,0,0.0,0.0,0.0,0.0,0
1,chain_2svc_split_l1_plain,113,64.12406999970699,57.59399099952134,6.530079000185651,1404928,1,20.406044999617734,0.2592029995867051,0.11030099994968623,40.718289999858825,602112,37.187945999903604,0.44950599931325996,0.02860099993995391,0.0,802816,0.0,0.0,0.0,0.0,0,0.0,0.0,0.0,0.0,0,0.0,0.0,0.0,0.0,0
1,chain_2svc_split_l1_plain,114,60.23172400000476,54.0667500008567,6.16497399914806,1404928,1,20.457646000068053,0.26570299996819813,0.07730000015726546,36.78974199920049,602112,33.60910400078865,0.33800399978645146,0.02919999951700447,0.0,802816,0.0,0.0,0.0,0.0,0,0.0,0.0,0.0,0.0,0,0.0,0.0,0.0,0.0,0
1,chain_2svc_split_l1_plain,115,61.06613399970229,54.72645700046996,6.339676999232324,1404928,1,21.640560000378173,0.2718030000323779,0.17390199991496047,36.45493800013355,602112,33.08589700009179,0.3361039998708293,0.029099999665049836,0.0,802816,0.0,0.0,0.0,0.0,0,0.0,0.0,0.0,0.0,0,0.0,0.0,0.0,0.0,0
1,chain_2svc_split_l1_plain,116,61.70844099960959,55.272162999244756,6.436278000364837,1404928,1,22.24356699935015,0.4219050006213365,0.11610100045800209,36.26633599924389,602112,33.028595999894605,0.3375039996171836,0.027801000214822125,0.0,802816,0.0,0.0,0.0,0.0,0,0.0,0.0,0.0,0.0,0,0.0,0.0,0.0,0.0,0
1,chain_2svc_split_l1_plain,117,59.706817000005685,53.44334300116316,6.263473998842528,1404928,1,21.190555000430322,0.26880299992626533,0.12250100007804576,35.55752700049197,602112,32.252788000732835,0.33550399984960677,0.02679999943211442,0.0,802816,0.0,0.0,0.0,0.0,0,0.0,0.0,0.0,0.0,0,0.0,0.0,0.0,0.0,0
1,chain_2svc_split_l1_plain,118,59.10950999987108,53.129037999497086,5.980472000373993,1404928,1,20.955350999429356,0.2664040002855472,0.13330199999472825,35.2472239992494,602112,32.17368700006773,0.34000400046352297,0.028299999939918052,0.0,802816,0.0,0.0,0.0,0.0,0,0.0,0.0,0.0,0.0,0,0.0,0.0,0.0,0.0,0
1,chain_2svc_split_l1_plain,119,56.96968400025071,51.00871300055587,5.960970999694837,1404928,1,20.18944300016301,0.26210299984086305,0.07710099998803344,33.85740599969722,602112,30.819270000392862,0.33040400012396276,0.02679999943211442,0.0,802816,0.0,0.0,0.0,0.0,0,0.0,0.0,0.0,0.0,0,0.0,0.0,0.0,0.0,0
1,chain_2svc_split_l1_plain,120,57.16838700027438,51.17861400049151,5.989772999782872,1404928,1,20.74514900050417,0.2555029996074154,0.06970100002945401,33.58810400004586,602112,30.433464999987336,0.33350400008202996,0.028900999495817814,0.0,802816,0.0,0.0,0.0,0.0,0,0.0,0.0,0.0,0.0,0,0.0,0.0,0.0,0.0,0
1,chain_2svc_split_l1_plain,121,59.617015999720024,52.967636000175844,6.6493799995441805,1404928,1,21.04385300026479,0.25680299950181507,0.10330100030842004,35.44682599931548,602112,31.923782999911055,0.3251039997849148,0.02930100072262576,0.0,802816,0.0,0.0,0.0,0.0,0,0.0,0.0,0.0,0.0,0,0.0,0.0,0.0,0.0,0
1,chain_2svc_split_l1_plain,122,58.54420299965568,52.55833199953486,5.985871000120824,1404928,1,20.693249000032665,0.25900299988279585,0.12410100043780403,35.16932200000156,602112,31.865082999502192,0.3381040005479008,0.043400999857112765,0.0,802816,0.0,0.0,0.0,0.0,0,0.0,0.0,0.0,0.0,0,0.0,0.0,0.0,0.0,0
1,chain_2svc_split_l1_plain,123,57.882594999682624,51.65152099925763,6.2310740004249965,1404928,1,21.132353999746556,0.2785039996524574,0.07280000045284396,33.687303999613505,602112,30.51916699951107,0.3271040004619863,0.02570000015111873,0.0,802816,0.0,0.0,0.0,0.0,0,0.0,0.0,0.0,0.0,0,0.0,0.0,0.0,0.0,0
1,chain_2svc_split_l1_plain,124,55.65606799973466,49.64399600066827,6.012071999066393,1404928,1,20.01834000020608,0.26350299958721735,0.12390200026857201,32.75089299950196,602112,29.625656000462186,0.32840399944689125,0.02750000021478627,0.0,802816,0.0,0.0,0.0,0.0,0,0.0,0.0,0.0,0.0,0,0.0,0.0,0.0,0.0,0
1,chain_2svc_split_l1_plain,125,58.41880200023297,52.30292800024472,6.115873999988253,1404928,1,21.11275300012494,0.25870300032693194,0.1346019998891279,34.341712999776064,602112,31.19017500011978,0.33290400006080745,0.028499999643827323,0.0,802816,0.0,0.0,0.0,0.0,0,0.0,0.0,0.0,0.0,0,0.0,0.0,0.0,0.0,0
1,chain_2svc_split_l1_plain,126,57.5280909997673,51.47811799997726,6.049972999790043,1404928,1,20.742349000101967,0.2617030004330445,0.0894009999683476,33.811907000199426,602112,30.73576899987529,0.3330039999127621,0.02680000034160912,0.0,802816,0.0,0.0,0.0,0.0,0,0.0,0.0,0.0,0.0,0,0.0,0.0,0.0,0.0,0
1,chain_2svc_split_l1_plain,127,57.59329200009233,51.56202000034682,6.031271999745513,1404928,1,20.739149000291945,0.280502999885357,0.13800199940305902,34.044508999613754,602112,30.822871000054874,0.3545039999153232,0.028200000087963417,0.0,802816,0.0,0.0,0.0,0.0,0,0.0,0.0,0.0,0.0,0,0.0,0.0,0.0,0.0,0
1,chain_2svc_split_l1_plain,128,59.33211200044752,53.18193799939763,6.150174001049891,1404928,1,21.43635699940205,0.2592030004961998,0.0815009998405003,34.963120000611525,602112,31.745580999995582,0.33460400027252035,0.027101000341644976,0.0,802816,0.0,0.0,0.0,0.0,0,0.0,0.0,0.0,0.0,0,0.0,0.0,0.0,0.0,0
1,chain_2svc_split_l1_plain,129,57.712593999895034,51.516818999516545,6.1957750003784895,1404928,1,20.996751999518892,0.26350300049671205,0.0818010003058589,33.73990500040236,602112,30.520066999997653,0.33290400006080745,0.02750000021478627,0.0,802816,0.0,0.0,0.0,0.0,0,0.0,0.0,0.0,0.0,0,0.0,0.0,0.0,0.0,0
1,chain_2svc_split_l1_plain,130,57.026985000447894,50.973711999176885,6.053273001271009,1404928,1,20.826949999900535,0.25930300034815446,0.07410099988192087,33.33080099946528,602112,30.14676199927635,0.3350040005898336,0.029100000574544538,0.0,802816,0.0,0.0,0.0,0.0,0,0.0,0.0,0.0,0.0,0,0.0,0.0,0.0,0.0,0
1,chain_2svc_split_l1_plain,131,57.07038599939551,50.940711999828636,6.129673999566876,1404928,1,20.152842000243254,0.2594029992906144,0.08960099967225688,33.92020699993736,602112,30.787869999585382,0.32160400041902903,0.026000000616477337,0.0,802816,0.0,0.0,0.0,0.0,0,0.0,0.0,0.0,0.0,0,0.0,0.0,0.0,0.0,0
1,chain_2svc_split_l1_plain,132,59.64421600037895,53.471441999136005,6.172774001242942,1404928,1,21.266054999614425,0.2664029998413753,0.07720099983998807,35.356125000362226,602112,32.20538699952158,0.33180399987031706,0.02750100065895822,0.0,802816,0.0,0.0,0.0,0.0,0,0.0,0.0,0.0,0.0,0,0.0,0.0,0.0,0.0,0
1,chain_2svc_split_l1_plain,133,60.45552600062365,54.42035299984127,6.035173000782379,1404928,1,22.129564999886497,0.31260400010069134,0.08250100017903605,35.288324000248394,602112,32.29078799995477,0.333303999468626,0.029599999834317714,0.0,802816,0.0,0.0,0.0,0.0,0,0.0,0.0,0.0,0.0,0,0.0,0.0,0.0,0.0,0
1,chain_2svc_split_l1_plain,134,58.21189900052559,52.18692699963867,6.024972000886919,1404928,1,21.162753999306005,0.26110399994649924,0.08900100056052906,34.148710000408755,602112,31.024173000332667,0.3384040001037647,0.027400000362831634,0.0,802816,0.0,0.0,0.0,0.0,0,0.0,0.0,0.0,0.0,0,0.0,0.0,0.0,0.0,0
1,chain_2svc_split_l1_plain,135,65.93459200030338,59.31311200038181,6.621479999921576,1404928,1,20.822149999730755,0.26920300024357857,0.0908010006241966,41.552898999725585,602112,38.49096200065105,0.3417039997657412,0.030200999390217476,0.0,802816,0.0,0.0,0.0,0.0,0,0.0,0.0,0.0,0.0,0,0.0,0.0,0.0,0.0,0
1,chain_2svc_split_l1_plain,136,58.03279700012354,51.84172200006287,6.191075000060664,1404928,1,20.58494700031588,0.26010300007328624,0.09420199967280496,34.456814000805025,602112,31.256774999746995,0.3355040007591015,0.027600999601418152,0.0,802816,0.0,0.0,0.0,0.0,0,0.0,0.0,0.0,0.0,0,0.0,0.0,0.0,0.0,0
1,chain_2svc_split_l1_plain,137,57.78439400000934,51.49131800044415,6.29307599956519,1404928,1,20.421745000021474,0.2669039995453204,0.07550100053776987,34.40591299931839,602112,31.06957300042268,0.3443039995545405,0.029400000130408444,0.0,802816,0.0,0.0,0.0,0.0,0,0.0,0.0,0.0,0.0,0,0.0,0.0,0.0,0.0,0
1,chain_2svc_split_l1_plain,138,57.39458900006866,51.108612999996694,6.285976000071969,1404928,1,20.86094999958732,0.26520299979893025,0.07130100038921228,33.52010300022812,602112,30.247663000409375,0.3406039995752508,0.028499999643827323,0.0,802816,0.0,0.0,0.0,0.0,0,0.0,0.0,0.0,0.0,0,0.0,0.0,0.0,0.0,0
1,chain_2svc_split_l1_plain,139,58.362202000353136,52.14642600003572,6.215776000317419,1404928,1,20.33374399979948,0.2690029996301746,0.08590100060246186,35.026520999963395,602112,31.812682000236236,0.3390040001249872,0.02990099983435357,0.0,802816,0.0,0.0,0.0,0.0,0,0.0,0.0,0.0,0.0,0,0.0,0.0,0.0,0.0,0
1,chain_2svc_split_l1_plain,140,58.56880299961631,52.24102699958166,6.327776000034646,1404928,1,20.85354999962874,0.27580400001170347,0.09030100045492873,34.6542170000248,602112,31.387476999952924,0.3564039998309454,0.026900999728241004,0.0,802816,0.0,0.0,0.0,0.0,0,0.0,0.0,0.0,0.0,0,0.0,0.0,0.0,0.0,0
1,chain_2svc_split_l1_plain,141,57.63119300081598,51.47091799972259,6.160275001093396,1404928,1,20.675748999565258,0.25870300032693194,0.10700100028770976,34.10370999972656,602112,30.79516900015733,0.35130499963997863,0.029300999813131057,0.0,802816,0.0,0.0,0.0,0.0,0,0.0,0.0,0.0,0.0,0,0.0,0.0,0.0,0.0,0
1,chain_2svc_split_l1_plain,142,56.86428299941326,50.74390900063008,6.12037399878318,1404928,1,20.36294400022598,0.2632039995660307,0.07620100041094702,33.50170200064895,602112,30.380965000404103,0.35750499955611303,0.026900000193563756,0.0,802816,0.0,0.0,0.0,0.0,0,0.0,0.0,0.0,0.0,0,0.0,0.0,0.0,0.0,0
1,chain_2svc_split_l1_plain,143,57.44808999952511,51.348115999644506,6.0999739998806035,1404928,1,20.646248000048217,0.26530400009505684,0.07690099937462946,33.756304000235104,602112,30.70186799959629,0.3342039999552071,0.027300000510877,0.0,802816,0.0,0.0,0.0,0.0,0,0.0,0.0,0.0,0.0,0,0.0,0.0,0.0,0.0,0
1,chain_2svc_split_l1_plain,144,56.948481000290485,50.82520799987833,6.123273000412155,1404928,1,20.64164700004767,0.2923040001405752,0.0860009995449218,33.334897999338864,602112,30.18356099983066,0.35010400006285636,0.02700100048969034,0.0,802816,0.0,0.0,0.0,0.0,0,0.0,0.0,0.0,0.0,0,0.0,0.0,0.0,0.0,0
1,chain_2svc_split_l1_plain,145,58.0959939998138,52.00462199991307,6.09137199990073,1404928,1,20.36814399980358,0.2633029998833081,0.08140099998854566,34.775015999912284,602112,31.63647800010949,0.35740399925998645,0.02790100006677676,0.0,802816,0.0,0.0,0.0,0.0,0,0.0,0.0,0.0,0.0,0,0.0,0.0,0.0,0.0,0
1,chain_2svc_split_l1_plain,146,58.15869500020199,51.97452199899999,6.184173001201998,1404928,1,20.70744799948443,0.26770299973577494,0.07660100072826026,34.49741299937159,602112,31.26707399951556,0.33830400025181007,0.027200000658922363,0.0,802816,0.0,0.0,0.0,0.0,0,0.0,0.0,0.0,0.0,0,0.0,0.0,0.0,0.0,0
1,chain_2svc_split_l1_plain,147,58.97720600023604,52.74663100044563,6.230574999790406,1404928,1,20.735848000185797,0.26110399994649924,0.11270100003457628,35.22322099979647,602112,32.010783000259835,0.3376039994691382,0.03079999987676274,0.0,802816,0.0,0.0,0.0,0.0,0,0.0,0.0,0.0,0.0,0,0.0,0.0,0.0,0.0,0
1,chain_2svc_split_l1_plain,148,58.592500000486325,52.557128999978886,6.035371000507439,1404928,1,20.179041999654146,0.2640029997564852,0.08760099990468007,35.34392300025502,602112,32.37808700032474,0.3617049997046706,0.030199999855540227,0.0,802816,0.0,0.0,0.0,0.0,0,0.0,0.0,0.0,0.0,0,0.0,0.0,0.0,0.0,0
1,chain_2svc_split_l1_plain,149,64.67737299954024,58.25989700042555,6.417475999114686,1404928,1,25.8278090004751,0.3134039998258231,0.08560100013710326,35.863928999788186,602112,32.432087999950454,0.3449040004852577,0.028501000087999273,0.0,802816,0.0,0.0,0.0,0.0,0,0.0,0.0,0.0,0.0,0,0.0,0.0,0.0,0.0,0
1,chain_2svc_split_l1_plain,150,58.53990000014164,52.27352600013546,6.266374000006181,1404928,1,20.402344000103767,0.26570299996819813,0.09720099933474557,35.187721000511374,602112,31.871182000031695,0.3542039994499646,0.02930000027845381,0.0,802816,0.0,0.0,0.0,0.0,0,0.0,0.0,0.0,0.0,0,0.0,0.0,0.0,0.0,0
1,chain_2svc_split_l1_plain,151,57.95189299988124,51.82921899995563,6.12267399992561,1404928,1,20.52554500005499,0.26350299958721735,0.07800100047461456,34.46111199991719,602112,31.30367399990064,0.40430500030197436,0.027600000066740904,0.0,802816,0.0,0.0,0.0,0.0,0,0.0,0.0,0.0,0.0,0,0.0,0.0,0.0,0.0,0
1,chain_2svc_split_l1_plain,152,58.54300000009971,52.40762699941115,6.13537300068856,1404928,1,20.69264799956727,0.26270299986208556,0.08040000011533266,35.06961899984162,602112,31.71497899984388,0.3552050002326723,0.028299999939918052,0.0,802816,0.0,0.0,0.0,0.0,0,0.0,0.0,0.0,0.0,0,0.0,0.0,0.0,0.0,0
1,chain_2svc_split_l1_plain,153,56.47117599983176,50.32380299871875,6.14737300111301,1404928,1,20.09414099939022,0.2665030006028246,0.08040000011533266,33.52060100041854,602112,30.229661999328528,0.3328040002088528,0.028100000236008782,0.0,802816,0.0,0.0,0.0,0.0,0,0.0,0.0,0.0,0.0,0,0.0,0.0,0.0,0.0,0
1,chain_2svc_split_l1_plain,154,57.40908600000694,51.53171699930681,5.877369000700128,1404928,1,20.30204299990146,0.26240300030622166,0.07130099947971758,34.19200899952557,602112,31.22967399940535,0.3316040001664078,0.02750000021478627,0.0,802816,0.0,0.0,0.0,0.0,0,0.0,0.0,0.0,0.0,0,0.0,0.0,0.0,0.0,0
1,chain_2svc_split_l1_plain,155,55.752466999365424,49.60309400030383,6.1493729990615975,1404928,1,19.7517369997513,0.25930300034815446,0.08520099981979001,33.24599700044928,602112,29.851357000552525,0.33300299946859013,0.028200999622640666,0.0,802816,0.0,0.0,0.0,0.0,0,0.0,0.0,0.0,0.0,0,0.0,0.0,0.0,0.0,0
1,chain_2svc_split_l1_plain,156,56.56287700003304,50.768607999998494,5.7942690000345465,1404928,1,19.924739000089176,0.25810300030570943,0.08570099998905789,33.85620399967593,602112,30.84386899990932,0.3213039999536704,0.026200000320386607,0.0,802816,0.0,0.0,0.0,0.0,0,0.0,0.0,0.0,0.0,0,0.0,0.0,0.0,0.0,0
1,chain_2svc_split_l1_plain,157,56.43987500025105,50.409802001013304,6.0300729992377455,1404928,1,20.36364300056448,0.2861029997802689,0.07310099954338511,33.124096000392456,602112,30.046159000448824,0.329403999785427,0.02700000004551839,0.0,802816,0.0,0.0,0.0,0.0,0,0.0,0.0,0.0,0.0,0,0.0,0.0,0.0,0.0,0
1,chain_2svc_split_l1_plain,158,57.129982999867934,51.09241100035433,6.037571999513602,1404928,1,20.727848000205995,0.2603029997771955,0.10000099973694887,33.51240099982533,602112,30.364563000148337,0.3640040004029288,0.027999999474559445,0.0,802816,0.0,0.0,0.0,0.0,0,0.0,0.0,0.0,0.0,0,0.0,0.0,0.0,0.0,0
1,chain_2svc_split_l1_plain,159,56.49137500040524,50.29140100032237,6.199974000082875,1404928,1,20.618045999981405,0.2624039998408989,0.08140099998854566,32.815991999996186,602112,29.673355000340962,0.3308039995317813,0.027600000066740904,0.0,802816,0.0,0.0,0.0,0.0,0,0.0,0.0,0.0,0.0,0,0.0,0.0,0.0,0.0,0
1,chain_2svc_split_l1_plain,160,56.87318000036612,50.663807000091765,6.209373000274354,1404928,1,20.354043999759597,0.25670300055935513,0.08190100015781354,33.62370200011355,602112,30.30976300033217,0.32950399963738164,0.02989999939018162,0.0,802816,0.0,0.0,0.0,0.0,0,0.0,0.0,0.0,0.0,0,0.0,0.0,0.0,0.0,0
1,chain_2svc_split_l1_plain,161,56.989581000379985,51.067210999462986,5.922370000916999,1404928,1,20.274042999517405,0.2600030002213316,0.07380100032605696,33.873905000291415,602112,30.79316799994558,0.32360400018660584,0.02750100065895822,0.0,802816,0.0,0.0,0.0,0.0,0,0.0,0.0,0.0,0.0,0,0.0,0.0,0.0,0.0,0
1,chain_2svc_split_l1_plain,162,55.77156700019259,49.790494999797374,5.981072000395216,1404928,1,20.086540000193054,0.2665029996933299,0.07140099933167221,32.778591999885975,602112,29.70395499960432,0.33430399980716174,0.026501000320422463,0.0,802816,0.0,0.0,0.0,0.0,0,0.0,0.0,0.0,0.0,0,0.0,0.0,0.0,0.0,0
1,chain_2svc_split_l1_plain,163,58.98710600013146,52.84003199994913,6.147074000182329,1404928,1,20.650847000069916,0.26650400013750186,0.07040000036795391,35.40662399973371,602112,32.18918499987922,0.3429039998081862,0.028299999939918052,0.0,802816,0.0,0.0,0.0,0.0,0,0.0,0.0,0.0,0.0,0,0.0,0.0,0.0,0.0,0
1,chain_2svc_split_l1_plain,164,58.49069900068571,52.52042799929768,5.970271001388028,1404928,1,20.356942999569583,0.2543030004744651,0.07420100064337021,35.41992400005256,602112,32.1634849997281,0.3375039996171836,0.028200000087963417,0.0,802816,0.0,0.0,0.0,0.0,0,0.0,0.0,0.0,0.0,0,0.0,0.0,0.0,0.0,0
1,chain_2svc_split_l1_plain,165,57.52418799966108,51.54521699932957,5.978971000331512,1404928,1,20.286242999645765,0.2538030003051972,0.0939010005822638,34.38041100071132,602112,31.258973999683803,0.33230400003958493,0.030500000320898835,0.0,802816,0.0,0.0,0.0,0.0,0,0.0,0.0,0.0,0.0,0,0.0,0.0,0.0,0.0,0
1,chain_2svc_split_l1_plain,166,61.48043499979394,55.378462000589934,6.101972999204008,1404928,1,21.403356000519125,0.2704030002860236,0.11580099999264348,37.157945000217296,602112,33.97510600007081,0.3342039999552071,0.027801000214822125,0.0,802816,0.0,0.0,0.0,0.0,0,0.0,0.0,0.0,0.0,0,0.0,0.0,0.0,0.0,0
1,chain_2svc_split_l1_plain,167,58.66520200015657,52.57612899913511,6.089073001021461,1404928,1,20.942850999745133,0.259702999755973,0.11710099988704314,34.824716999537486,602112,31.633277999389975,0.3387040005691233,0.04580099994200282,0.0,802816,0.0,0.0,0.0,0.0,0,0.0,0.0,0.0,0.0,0,0.0,0.0,0.0,0.0,0
1,chain_2svc_split_l1_plain,168,58.39909899987106,52.50112700014142,5.897971999729634,1404928,1,20.777648000148474,0.26760400032799225,0.08330099990416784,34.78031599934184,602112,31.72347899999295,0.32810399989102734,0.02790000053209951,0.0,802816,0.0,0.0,0.0,0.0,0,0.0,0.0,0.0,0.0,0,0.0,0.0,0.0,0.0,0
1,chain_2svc_split_l1_plain,169,56.28357299974596,50.506404000771,5.7771689989749575,1404928,1,19.90253800067876,0.27510299969435437,0.07620099950145232,33.60220200011099,602112,30.60386600009224,0.3251039997849148,0.027099999897473026,0.0,802816,0.0,0.0,0.0,0.0,0,0.0,0.0,0.0,0.0,0,0.0,0.0,0.0,0.0,0
1,chain_2svc_split_l1_plain,170,56.76637899978232,50.76890700001968,5.997471999762638,1404928,1,20.576746000187995,0.2617029995235498,0.08350099960807711,33.412800000405696,602112,30.192160999831685,0.39220500002556946,0.024400000256719068,0.0,802816,0.0,0.0,0.0,0.0,0,0.0,0.0,0.0,0.0,0,0.0,0.0,0.0,0.0,0
1,chain_2svc_split_l1_plain,171,55.71586599944567,49.85689600016485,5.858969999280816,1404928,1,20.186141000522184,0.2579039992269827,0.07740099954389734,32.68959100023494,602112,29.670754999642668,0.329403999785427,0.02610100000310922,0.0,802816,0.0,0.0,0.0,0.0,0,0.0,0.0,0.0,0.0,0,0.0,0.0,0.0,0.0,0
1,chain_2svc_split_l1_plain,172,56.86907999916002,50.97430999921926,5.894769999940763,1404928,1,19.728335999388946,0.25810300030570943,0.06920099986018613,34.33870999924693,602112,31.245973999830312,0.36750399976881454,0.0304000004689442,0.0,802816,0.0,0.0,0.0,0.0,0,0.0,0.0,0.0,0.0,0,0.0,0.0,0.0,0.0,0
1,chain_2svc_split_l1_plain,173,58.47780000021885,52.42532699958247,6.0524730006363825,1404928,1,20.535245999781182,0.2603029997771955,0.07510100022045663,35.00561900000321,602112,31.890080999801285,0.32140400071511976,0.0320999997711624,0.0,802816,0.0,0.0,0.0,0.0,0,0.0,0.0,0.0,0.0,0,0.0,0.0,0.0,0.0,0
1,chain_2svc_split_l1_plain,174,59.674513000572915,53.7716429998909,5.9028700006820145,1404928,1,20.889249999527237,0.2634030006447574,0.07060099960654043,35.92152900000656,602112,32.88239300036366,0.3477039999779663,0.028700999791908544,0.0,802816,0.0,0.0,0.0,0.0,0,0.0,0.0,0.0,0.0,0,0.0,0.0,0.0,0.0,0
1,chain_2svc_split_l1_plain,175,55.76986699998088,49.92969700106187,5.840169998919009,1404928,1,19.743536000532913,0.2591029997347505,0.09070099986274727,33.275097999649006,602112,30.186161000528955,0.3418039996176958,0.02920099996117642,0.0,802816,0.0,0.0,0.0,0.0,0,0.0,0.0,0.0,0.0,0,0.0,0.0,0.0,0.0,0
1,chain_2svc_split_l1_plain,176,60.61982400024135,54.19534899920109,6.424475001040264,1404928,1,22.749171999748796,0.35840500004269416,0.11350100066920277,34.49001299941301,602112,31.44617699945229,0.3409040000406094,0.02930000027845381,0.0,802816,0.0,0.0,0.0,0.0,0,0.0,0.0,0.0,0.0,0,0.0,0.0,0.0,0.0,0
1,chain_2svc_split_l1_plain,177,57.02468199979194,51.119210999786446,5.905471000005491,1404928,1,20.321343000432535,0.26320300003135344,0.0967010000749724,34.05200700035493,602112,30.79786799935391,0.3344040005686111,0.028401000236044638,0.0,802816,0.0,0.0,0.0,0.0,0,0.0,0.0,0.0,0.0,0,0.0,0.0,0.0,0.0,0
1,chain_2svc_split_l1_plain,178,59.192108000388544,53.27943700103788,5.9126709993506665,1404928,1,20.8162490007453,0.2650029991855263,0.09860099999059457,35.627025999929174,602112,32.463188000292575,0.3403040000193869,0.02880000010918593,0.0,802816,0.0,0.0,0.0,0.0,0,0.0,0.0,0.0,0.0,0,0.0,0.0,0.0,0.0,0
1,chain_2svc_split_l1_plain,179,57.734090999474574,51.67891799919744,6.0551730002771365,1404928,1,21.104951999404875,0.2682029999050428,0.11860200083901873,33.73800299959839,602112,30.573965999792563,0.34050399972329615,0.027800000680144876,0.0,802816,0.0,0.0,0.0,0.0,0,0.0,0.0,0.0,0.0,0,0.0,0.0,0.0,0.0,0
1,chain_2svc_split_l1_plain,180,57.41838700032531,51.47801599923696,5.9403710010883515,1404928,1,20.538745999147068,0.26610300028551137,0.08160100060194964,34.13060900038545,602112,30.93927000008989,0.35630399997899076,0.028000999918731395,0.0,802816,0.0,0.0,0.0,0.0,0,0.0,0.0,0.0,0.0,0,0.0,0.0,0.0,0.0,0
1,chain_2svc_split_l1_plain,181,57.53958800050896,51.39551499996742,6.144073000541539,1404928,1,21.1420529994939,0.2716030003284686,0.08100100058072712,33.51350100001582,602112,30.25346200047352,0.3367039998920518,0.029799999538226984,0.0,802816,0.0,0.0,0.0,0.0,0,0.0,0.0,0.0,0.0,0,0.0,0.0,0.0,0.0,0
1,chain_2svc_split_l1_plain,182,56.92878100035159,50.92670899921359,6.0020720011380035,1404928,1,20.47964499979571,0.2646040002218797,0.07379999988188501,33.55010200084507,602112,30.447063999417878,0.3358040003149654,0.029101000109221786,0.0,802816,0.0,0.0,0.0,0.0,0,0.0,0.0,0.0,0.0,0,0.0,0.0,0.0,0.0,0
1,chain_2svc_split_l1_plain,183,58.415499000147975,52.33822500031238,6.077273999835597,1404928,1,21.34345500053314,0.26930399963021046,0.13490099991031457,34.228909999910684,602112,30.994769999779237,0.3390040001249872,0.02810099977068603,0.0,802816,0.0,0.0,0.0,0.0,0,0.0,0.0,0.0,0.0,0,0.0,0.0,0.0,0.0,0
1,chain_2svc_split_l1_plain,184,60.46002299990505,54.35304999991786,6.1069729999871925,1404928,1,21.360255000217876,0.25960299990401836,0.08210099986172281,36.21543300050689,602112,32.99279499969998,0.3375040005266783,0.027299999601382297,0.0,802816,0.0,0.0,0.0,0.0,0,0.0,0.0,0.0,0.0,0,0.0,0.0,0.0,0.0,0
1,chain_2svc_split_l1_plain,185,58.95970500023395,52.866833000734914,6.092871999499039,1404928,1,20.461345000512665,0.25900299988279585,0.08380100007343572,35.573725999711314,602112,32.40548800022225,0.34390399923722725,0.028000000384054147,0.0,802816,0.0,0.0,0.0,0.0,0,0.0,0.0,0.0,0.0,0,0.0,0.0,0.0,0.0,0
1,chain_2svc_split_l1_plain,186,58.753102000082436,52.7515299991137,6.001572000968736,1404928,1,20.65934699930949,0.26130300011573127,0.07680100043216953,35.37472300013178,602112,32.09218299980421,0.3420040002310998,0.029101000109221786,0.0,802816,0.0,0.0,0.0,0.0,0,0.0,0.0,0.0,0.0,0,0.0,0.0,0.0,0.0,0
1,chain_2svc_split_l1_plain,187,60.224521000236564,54.119647000334226,6.104873999902338,1404928,1,22.029163999832235,0.25980299960792763,0.07510100022045663,35.19052100000408,602112,32.09048300050199,0.3549049997673137,0.028501000087999273,0.0,802816,0.0,0.0,0.0,0.0,0,0.0,0.0,0.0,0.0,0,0.0,0.0,0.0,0.0,0
1,chain_2svc_split_l1_plain,188,58.1523950004339,52.5593279990062,5.593067001427698,1404928,1,20.833148999372497,0.2555030005169101,0.12890200014226139,34.663913999793294,602112,31.726178999633703,0.33550399984960677,0.028000999918731395,0.0,802816,0.0,0.0,0.0,0.0,0,0.0,0.0,0.0,0.0,0,0.0,0.0,0.0,0.0,0
1,chain_2svc_split_l1_plain,189,59.49801200040383,53.680743000768416,5.8172689996354165,1404928,1,20.97845100070117,0.254603000030329,0.09720099933474557,35.86852900025406,602112,32.702292000067246,0.33540399999765214,0.03099999958067201,0.0,802816,0.0,0.0,0.0,0.0,0,0.0,0.0,0.0,0.0,0,0.0,0.0,0.0,0.0,0
1,chain_2svc_split_l1_plain,190,58.34269800016045,52.18812500061176,6.154572999548691,1404928,1,21.058152000478003,0.259702999755973,0.07990099948074203,34.4174119991294,602112,31.12997300013376,0.3336039999339846,0.02789999962260481,0.0,802816,0.0,0.0,0.0,0.0,0,0.0,0.0,0.0,0.0,0,0.0,0.0,0.0,0.0,0
1,chain_2svc_split_l1_plain,191,58.866203999969,52.865831999952206,6.000372000016796,1404928,1,20.86244899965095,0.2654030004123342,0.07720099983998807,35.12172000046121,602112,32.003383000301255,0.35260399999970105,0.02900100025726715,0.0,802816,0.0,0.0,0.0,0.0,0,0.0,0.0,0.0,0.0,0,0.0,0.0,0.0,0.0,0
1,chain_2svc_split_l1_plain,192,55.774067000129435,49.96549699899333,5.808570001136104,1404928,1,19.674334999763232,0.2547029998822836,0.07050099975458579,33.46860100009508,602112,30.2911619992301,0.32780400033516344,0.02880000010918593,0.0,802816,0.0,0.0,0.0,0.0,0,0.0,0.0,0.0,0.0,0,0.0,0.0,0.0,0.0,0
1,chain_2svc_split_l1_plain,193,56.18827199941734,50.171098999271635,6.0171730001457036,1404928,1,19.770535999668937,0.2543030004744651,0.0736010006221477,33.55890199964051,602112,30.4005629996027,0.3375040005266783,0.028901000405312516,0.0,802816,0.0,0.0,0.0,0.0,0,0.0,0.0,0.0,0.0,0,0.0,0.0,0.0,0.0,0
1,chain_2svc_split_l1_plain,194,56.841079000150785,50.95450999942841,5.886569000722375,1404928,1,20.61984699957975,0.2532030002839747,0.0736010006221477,33.329998000226624,602112,30.33466299984866,0.3325040006529889,0.028200999622640666,0.0,802816,0.0,0.0,0.0,0.0,0,0.0,0.0,0.0,0.0,0,0.0,0.0,0.0,0.0,0
1,chain_2svc_split_l1_plain,195,56.85697999979311,50.60250399947108,6.254476000322029,1404928,1,20.195140999931027,0.2587039998616092,0.10400100018159719,33.65700299946184,602112,30.407362999540055,0.3328040002088528,0.029800999982398935,0.0,802816,0.0,0.0,0.0,0.0,0,0.0,0.0,0.0,0.0,0,0.0,0.0,0.0,0.0,0
1,chain_2svc_split_l1_plain,196,59.74601399975654,53.61174100016797,6.134272999588575,1404928,1,21.155252999960794,0.25900299988279585,0.1644019994273549,35.377422999772534,602112,32.45648800020717,0.33940400044230046,0.027999999474559445,0.0,802816,0.0,0.0,0.0,0.0,0,0.0,0.0,0.0,0.0,0,0.0,0.0,0.0,0.0,0
1,chain_2svc_split_l1_plain,197,58.21759700029361,52.025121999577095,6.192475000716513,1404928,1,20.76554799987207,0.2577029999883962,0.116401000013866,34.415912000440585,602112,31.259573999705026,0.341003999892564,0.0304000004689442,0.0,802816,0.0,0.0,0.0,0.0,0,0.0,0.0,0.0,0.0,0,0.0,0.0,0.0,0.0,0
1,chain_2svc_split_l1_plain,198,58.950805000677065,52.93923199951678,6.011573001160286,1404928,1,21.03155099939613,0.2608029999464634,0.14000200008013053,34.83171700008825,602112,31.907681000120647,0.33850399995571934,0.030500999855576083,0.0,802816,0.0,0.0,0.0,0.0,0,0.0,0.0,0.0,0.0,0,0.0,0.0,0.0,0.0,0
1,chain_2svc_split_l1_plain,199,59.92471599984128,53.86644400005025,6.058271999791032,1404928,1,21.257854000396037,0.2617029995235498,0.13010099974053446,35.67972699966049,602112,32.608589999654214,0.35150399980921065,0.02860099993995391,0.0,802816,0.0,0.0,0.0,0.0,0,0.0,0.0,0.0,0.0,0,0.0,0.0,0.0,0.0,0
1,chain_2svc_split_l1_plain,200,58.249996999620635,52.61802899894974,5.631968000670895,1404928,1,20.667146999585384,0.27310299992677756,0.07410099988192087,34.93081800024811,602112,31.950881999364356,0.33820400039985543,0.02719999974942766,0.0,802816,0.0,0.0,0.0,0.0,0,0.0,0.0,0.0,0.0,0,0.0,0.0,0.0,0.0,0
