unit_name,level,round,round_mean_ms,round_n,round_cv
stem.conv1,L3,1,3.605478,200,0.002397
stem.conv1,L3,2,3.623915,200,0.002397
stem.conv1,L3,3,3.614653,200,0.002397
stem.conv1,L3,4,3.617821,200,0.002397
stem.conv1,L3,5,3.612094,200,0.002397
stem.conv1,L3,6,3.611072,200,0.002397
stem.conv1,L3,7,3.626952,200,0.002397
stem.conv1,L3,8,3.610384,200,0.002397
stem.conv1,L3,9,3.627466,200,0.002397
stem.conv1,L3,10,3.602556,200,0.002397
stem.bn1,L3,1,0.906926,200,0.002661
stem.bn1,L3,2,0.910524,200,0.002661
stem.bn1,L3,3,0.907688,200,0.002661
stem.bn1,L3,4,0.911335,200,0.002661
stem.bn1,L3,5,0.910392,200,0.002661
stem.bn1,L3,6,0.90909,200,0.002661
stem.bn1,L3,7,0.91446,200,0.002661
stem.bn1,L3,8,0.906168,200,0.002661
stem.bn1,L3,9,0.909757,200,0.002661
stem.bn1,L3,10,0.908202,200,0.002661
stem.relu,L3,1,0.355692,200,0.011416
stem.relu,L3,2,0.360071,200,0.011416
stem.relu,L3,3,0.361615,200,0.011416
stem.relu,L3,4,0.363526,200,0.011416
stem.relu,L3,5,0.355613,200,0.011416
stem.relu,L3,6,0.359461,200,0.011416
stem.relu,L3,7,0.366049,200,0.011416
stem.relu,L3,8,0.356095,200,0.011416
stem.relu,L3,9,0.366066,200,0.011416
stem.relu,L3,10,0.356773,200,0.011416
stem.maxpool,L3,1,7.253078,200,0.001334
stem.maxpool,L3,2,7.281614,200,0.001334
stem.maxpool,L3,3,7.262676,200,0.001334
stem.maxpool,L3,4,7.271304,200,0.001334
stem.maxpool,L3,5,7.260956,200,0.001334
stem.maxpool,L3,6,7.262749,200,0.001334
stem.maxpool,L3,7,7.278544,200,0.001334
stem.maxpool,L3,8,7.267926,200,0.001334
stem.maxpool,L3,9,7.277729,200,0.001334
stem.maxpool,L3,10,7.257083,200,0.001334
stem,L1,1,12.140416,200,0.001914
stem,L1,2,12.195535,200,0.001914
stem,L1,3,12.166364,200,0.001914
stem,L1,4,12.18397,200,0.001914
stem,L1,5,12.157957,200,0.001914
stem,L1,6,12.16174,200,0.001914
stem,L1,7,12.205435,200,0.001914
stem,L1,8,12.160172,200,0.001914
stem,L1,9,12.200298,200,0.001914
stem,L1,10,12.143734,200,0.001914
layer1.0.conv1,L3,1,3.165067,200,0.002239
layer1.0.conv1,L3,2,3.175826,200,0.002239
layer1.0.conv1,L3,3,3.165107,200,0.002239
layer1.0.conv1,L3,4,3.168325,200,0.002239
layer1.0.conv1,L3,5,3.156922,200,0.002239
layer1.0.conv1,L3,6,3.165113,200,0.002239
layer1.0.conv1,L3,7,3.176427,200,0.002239
layer1.0.conv1,L3,8,3.167461,200,0.002239
layer1.0.conv1,L3,9,3.170083,200,0.002239
layer1.0.conv1,L3,10,3.154169,200,0.002239
layer1.0.bn1,L3,1,0.124406,200,0.011129
layer1.0.bn1,L3,2,0.126555,200,0.011129
layer1.0.bn1,L3,3,0.125395,200,0.011129
layer1.0.bn1,L3,4,0.12581,200,0.011129
layer1.0.bn1,L3,5,0.122775,200,0.011129
layer1.0.bn1,L3,6,0.125952,200,0.011129
layer1.0.bn1,L3,7,0.126376,200,0.011129
layer1.0.bn1,L3,8,0.124978,200,0.011129
layer1.0.bn1,L3,9,0.126516,200,0.011129
layer1.0.bn1,L3,10,0.122967,200,0.011129
layer1.0.relu1,L3,1,0.049058,200,0.011146
layer1.0.relu1,L3,2,0.0489,200,0.011146
layer1.0.relu1,L3,3,0.049298,200,0.011146
layer1.0.relu1,L3,4,0.048427,200,0.011146
layer1.0.relu1,L3,5,0.048823,200,0.011146
layer1.0.relu1,L3,6,0.049701,200,0.011146
layer1.0.relu1,L3,7,0.049697,200,0.011146
layer1.0.relu1,L3,8,0.049238,200,0.011146
layer1.0.relu1,L3,9,0.050269,200,0.011146
layer1.0.relu1,L3,10,0.048743,200,0.011146
layer1.0.conv2,L3,1,2.918175,200,0.002358
layer1.0.conv2,L3,2,2.921978,200,0.002358
layer1.0.conv2,L3,3,2.916746,200,0.002358
layer1.0.conv2,L3,4,2.927718,200,0.002358
layer1.0.conv2,L3,5,2.917363,200,0.002358
layer1.0.conv2,L3,6,2.925532,200,0.002358
layer1.0.conv2,L3,7,2.925237,200,0.002358
layer1.0.conv2,L3,8,2.915518,200,0.002358
layer1.0.conv2,L3,9,2.928078,200,0.002358
layer1.0.conv2,L3,10,2.905874,200,0.002358
layer1.0.bn2,L3,1,0.119305,200,0.028272
layer1.0.bn2,L3,2,0.119308,200,0.028272
layer1.0.bn2,L3,3,0.11964,200,0.028272
layer1.0.bn2,L3,4,0.125308,200,0.028272
layer1.0.bn2,L3,5,0.120688,200,0.028272
layer1.0.bn2,L3,6,0.124946,200,0.028272
layer1.0.bn2,L3,7,0.124267,200,0.028272
layer1.0.bn2,L3,8,0.121638,200,0.028272
layer1.0.bn2,L3,9,0.124852,200,0.028272
layer1.0.bn2,L3,10,0.114637,200,0.028272
layer1.0.add,L3,1,0.114979,200,0.007506
layer1.0.add,L3,2,0.116218,200,0.007506
layer1.0.add,L3,3,0.115793,200,0.007506
layer1.0.add,L3,4,0.116232,200,0.007506
layer1.0.add,L3,5,0.117042,200,0.007506
layer1.0.add,L3,6,0.116344,200,0.007506
layer1.0.add,L3,7,0.116779,200,0.007506
layer1.0.add,L3,8,0.116149,200,0.007506
layer1.0.add,L3,9,0.11658,200,0.007506
layer1.0.add,L3,10,0.114136,200,0.007506
layer1.0.relu2,L3,1,0.044888,200,0.023692
layer1.0.relu2,L3,2,0.045164,200,0.023692
layer1.0.relu2,L3,3,0.044863,200,0.023692
layer1.0.relu2,L3,4,0.044954,200,0.023692
layer1.0.relu2,L3,5,0.043482,200,0.023692
layer1.0.relu2,L3,6,0.042566,200,0.023692
layer1.0.relu2,L3,7,0.043358,200,0.023692
layer1.0.relu2,L3,8,0.044667,200,0.023692
layer1.0.relu2,L3,9,0.045042,200,0.023692
layer1.0.relu2,L3,10,0.042576,200,0.023692
layer1.0,L2,1,6.562603,200,0.002792
layer1.0,L2,2,6.581058,200,0.002792
layer1.0,L2,3,6.563566,200,0.002792
layer1.0,L2,4,6.584187,200,0.002792
layer1.0,L2,5,6.554148,200,0.002792
layer1.0,L2,6,6.577284,200,0.002792
layer1.0,L2,7,6.589259,200,0.002792
layer1.0,L2,8,6.566468,200,0.002792
layer1.0,L2,9,6.588415,200,0.002792
layer1.0,L2,10,6.53023,200,0.002792
layer1.1.conv1,L3,1,2.946114,200,0.006155
layer1.1.conv1,L3,2,2.960393,200,0.006155
layer1.1.conv1,L3,3,2.945012,200,0.006155
layer1.1.conv1,L3,4,2.964542,200,0.006155
layer1.1.conv1,L3,5,2.967896,200,0.006155
layer1.1.conv1,L3,6,2.974552,200,0.006155
layer1.1.conv1,L3,7,2.986561,200,0.006155
layer1.1.conv1,L3,8,2.97886,200,0.006155
layer1.1.conv1,L3,9,2.997525,200,0.006155
layer1.1.conv1,L3,10,2.944182,200,0.006155
layer1.1.bn1,L3,1,0.110474,200,0.283182
layer1.1.bn1,L3,2,0.110264,200,0.283182
layer1.1.bn1,L3,3,0.109893,200,0.283182
layer1.1.bn1,L3,4,0.114271,200,0.283182
layer1.1.bn1,L3,5,0.157935,200,0.283182
layer1.1.bn1,L3,6,0.196546,200,0.283182
layer1.1.bn1,L3,7,0.195452,200,0.283182
layer1.1.bn1,L3,8,0.196069,200,0.283182
layer1.1.bn1,L3,9,0.196618,200,0.283182
layer1.1.bn1,L3,10,0.110313,200,0.283182
layer1.1.relu1,L3,1,0.042205,200,0.145168
layer1.1.relu1,L3,2,0.042188,200,0.145168
layer1.1.relu1,L3,3,0.042148,200,0.145168
layer1.1.relu1,L3,4,0.043584,200,0.145168
layer1.1.relu1,L3,5,0.049699,200,0.145168
layer1.1.relu1,L3,6,0.057013,200,0.145168
layer1.1.relu1,L3,7,0.057232,200,0.145168
layer1.1.relu1,L3,8,0.056445,200,0.145168
layer1.1.relu1,L3,9,0.055923,200,0.145168
layer1.1.relu1,L3,10,0.042063,200,0.145168
layer1.1.conv2,L3,1,2.918865,200,0.021914
layer1.1.conv2,L3,2,2.926237,200,0.021914
layer1.1.conv2,L3,3,2.908761,200,0.021914
layer1.1.conv2,L3,4,2.926951,200,0.021914
layer1.1.conv2,L3,5,2.981621,200,0.021914
layer1.1.conv2,L3,6,3.041969,200,0.021914
layer1.1.conv2,L3,7,3.048391,200,0.021914
layer1.1.conv2,L3,8,3.044819,200,0.021914
layer1.1.conv2,L3,9,3.056351,200,0.021914
layer1.1.conv2,L3,10,2.90674,200,0.021914
layer1.1.bn2,L3,1,0.125911,200,0.263327
layer1.1.bn2,L3,2,0.121414,200,0.263327
layer1.1.bn2,L3,3,0.12034,200,0.263327
layer1.1.bn2,L3,4,0.126299,200,0.263327
layer1.1.bn2,L3,5,0.168335,200,0.263327
layer1.1.bn2,L3,6,0.206655,200,0.263327
layer1.1.bn2,L3,7,0.206607,200,0.263327
layer1.1.bn2,L3,8,0.208383,200,0.263327
layer1.1.bn2,L3,9,0.206157,200,0.263327
layer1.1.bn2,L3,10,0.116769,200,0.263327
layer1.1.add,L3,1,0.112876,200,0.247569
layer1.1.add,L3,2,0.111997,200,0.247569
layer1.1.add,L3,3,0.112619,200,0.247569
layer1.1.add,L3,4,0.11322,200,0.247569
layer1.1.add,L3,5,0.151291,200,0.247569
layer1.1.add,L3,6,0.184833,200,0.247569
layer1.1.add,L3,7,0.183753,200,0.247569
layer1.1.add,L3,8,0.184653,200,0.247569
layer1.1.add,L3,9,0.184378,200,0.247569
layer1.1.add,L3,10,0.110751,200,0.247569
layer1.1.relu2,L3,1,0.042645,200,0.126499
layer1.1.relu2,L3,2,0.041958,200,0.126499
layer1.1.relu2,L3,3,0.041566,200,0.126499
layer1.1.relu2,L3,4,0.042573,200,0.126499
layer1.1.relu2,L3,5,0.047875,200,0.126499
layer1.1.relu2,L3,6,0.054599,200,0.126499
layer1.1.relu2,L3,7,0.054391,200,0.126499
layer1.1.relu2,L3,8,0.0539,200,0.126499
layer1.1.relu2,L3,9,0.054587,200,0.126499
layer1.1.relu2,L3,10,0.042553,200,0.126499
layer1.1,L2,1,6.322001,200,0.033339
layer1.1,L2,2,6.33715,200,0.033339
layer1.1,L2,3,6.302792,200,0.033339
layer1.1,L2,4,6.354829,200,0.033339
layer1.1,L2,5,6.549441,200,0.033339
layer1.1,L2,6,6.743582,200,0.033339
layer1.1,L2,7,6.759026,200,0.033339
layer1.1,L2,8,6.750053,200,0.033339
layer1.1,L2,9,6.778658,200,0.033339
layer1.1,L2,10,6.295841,200,0.033339
layer1,L1,1,12.927995,200,0.017267
layer1,L1,2,12.96181,200,0.017267
layer1,L1,3,12.909447,200,0.017267
layer1,L1,4,12.982453,200,0.017267
layer1,L1,5,13.14695,200,0.017267
layer1,L1,6,13.364362,200,0.017267
layer1,L1,7,13.391724,200,0.017267
layer1,L1,8,13.359783,200,0.017267
layer1,L1,9,13.410223,200,0.017267
layer1,L1,10,12.868676,200,0.017267
layer2.0.conv1,L3,1,1.870268,200,0.01108
layer2.0.conv1,L3,2,1.881652,200,0.01108
layer2.0.conv1,L3,3,1.863262,200,0.01108
layer2.0.conv1,L3,4,1.875971,200,0.01108
layer2.0.conv1,L3,5,1.877045,200,0.01108
layer2.0.conv1,L3,6,1.890925,200,0.01108
layer2.0.conv1,L3,7,1.904498,200,0.01108
layer2.0.conv1,L3,8,1.912909,200,0.01108
layer2.0.conv1,L3,9,1.924067,200,0.01108
layer2.0.conv1,L3,10,1.86521,200,0.01108
layer2.0.bn1,L3,1,0.101176,200,0.01572
layer2.0.bn1,L3,2,0.102044,200,0.01572
layer2.0.bn1,L3,3,0.100859,200,0.01572
layer2.0.bn1,L3,4,0.102623,200,0.01572
layer2.0.bn1,L3,5,0.101869,200,0.01572
layer2.0.bn1,L3,6,0.104316,200,0.01572
layer2.0.bn1,L3,7,0.103472,200,0.01572
layer2.0.bn1,L3,8,0.10543,200,0.01572
layer2.0.bn1,L3,9,0.104014,200,0.01572
layer2.0.bn1,L3,10,0.100641,200,0.01572
layer2.0.relu1,L3,1,0.03622,200,0.02013
layer2.0.relu1,L3,2,0.035188,200,0.02013
layer2.0.relu1,L3,3,0.035676,200,0.02013
layer2.0.relu1,L3,4,0.035792,200,0.02013
layer2.0.relu1,L3,5,0.035261,200,0.02013
layer2.0.relu1,L3,6,0.03543,200,0.02013
layer2.0.relu1,L3,7,0.034778,200,0.02013
layer2.0.relu1,L3,8,0.035349,200,0.02013
layer2.0.relu1,L3,9,0.035226,200,0.02013
layer2.0.relu1,L3,10,0.033563,200,0.02013
layer2.0.conv2,L3,1,3.085822,200,0.007233
layer2.0.conv2,L3,2,3.091417,200,0.007233
layer2.0.conv2,L3,3,3.043508,200,0.007233
layer2.0.conv2,L3,4,3.04159,200,0.007233
layer2.0.conv2,L3,5,3.040814,200,0.007233
layer2.0.conv2,L3,6,3.062381,200,0.007233
layer2.0.conv2,L3,7,3.082168,200,0.007233
layer2.0.conv2,L3,8,3.090174,200,0.007233
layer2.0.conv2,L3,9,3.095675,200,0.007233
layer2.0.conv2,L3,10,3.081009,200,0.007233
layer2.0.bn2,L3,1,0.080607,200,0.041399
layer2.0.bn2,L3,2,0.079789,200,0.041399
layer2.0.bn2,L3,3,0.079759,200,0.041399
layer2.0.bn2,L3,4,0.082737,200,0.041399
layer2.0.bn2,L3,5,0.084761,200,0.041399
layer2.0.bn2,L3,6,0.091421,200,0.041399
layer2.0.bn2,L3,7,0.08358,200,0.041399
layer2.0.bn2,L3,8,0.084829,200,0.041399
layer2.0.bn2,L3,9,0.085537,200,0.041399
layer2.0.bn2,L3,10,0.082623,200,0.041399
layer2.0.downsample,L3,1,0.523077,200,0.014739
layer2.0.downsample,L3,2,0.52176,200,0.014739
layer2.0.downsample,L3,3,0.525077,200,0.014739
layer2.0.downsample,L3,4,0.527331,200,0.014739
layer2.0.downsample,L3,5,0.512474,200,0.014739
layer2.0.downsample,L3,6,0.50977,200,0.014739
layer2.0.downsample,L3,7,0.526966,200,0.014739
layer2.0.downsample,L3,8,0.528831,200,0.014739
layer2.0.downsample,L3,9,0.533798,200,0.014739
layer2.0.downsample,L3,10,0.53144,200,0.014739
layer2.0.add,L3,1,0.050321,200,0.018786
layer2.0.add,L3,2,0.049874,200,0.018786
layer2.0.add,L3,3,0.050955,200,0.018786
layer2.0.add,L3,4,0.051399,200,0.018786
layer2.0.add,L3,5,0.050284,200,0.018786
layer2.0.add,L3,6,0.0523,200,0.018786
layer2.0.add,L3,7,0.05184,200,0.018786
layer2.0.add,L3,8,0.051083,200,0.018786
layer2.0.add,L3,9,0.052998,200,0.018786
layer2.0.add,L3,10,0.051161,200,0.018786
layer2.0.relu2,L3,1,0.031567,200,0.0121
layer2.0.relu2,L3,2,0.03146,200,0.0121
layer2.0.relu2,L3,3,0.031548,200,0.0121
layer2.0.relu2,L3,4,0.031796,200,0.0121
layer2.0.relu2,L3,5,0.031795,200,0.0121
layer2.0.relu2,L3,6,0.031611,200,0.0121
layer2.0.relu2,L3,7,0.031506,200,0.0121
layer2.0.relu2,L3,8,0.03094,200,0.0121
layer2.0.relu2,L3,9,0.031022,200,0.0121
layer2.0.relu2,L3,10,0.030677,200,0.0121
layer2.0,L2,1,5.807542,200,0.007513
layer2.0,L2,2,5.821848,200,0.007513
layer2.0,L2,3,5.759016,200,0.007513
layer2.0,L2,4,5.777861,200,0.007513
layer2.0,L2,5,5.762841,200,0.007513
layer2.0,L2,6,5.806845,200,0.007513
layer2.0,L2,7,5.847198,200,0.007513
layer2.0,L2,8,5.868201,200,0.007513
layer2.0,L2,9,5.891172,200,0.007513
layer2.0,L2,10,5.804669,200,0.007513
layer2.1.conv1,L3,1,3.037412,200,0.005831
layer2.1.conv1,L3,2,3.027469,200,0.005831
layer2.1.conv1,L3,3,3.026161,200,0.005831
layer2.1.conv1,L3,4,3.034639,200,0.005831
layer2.1.conv1,L3,5,2.999804,200,0.005831
layer2.1.conv1,L3,6,2.981405,200,0.005831
layer2.1.conv1,L3,7,3.016141,200,0.005831
layer2.1.conv1,L3,8,3.02106,200,0.005831
layer2.1.conv1,L3,9,3.035925,200,0.005831
layer2.1.conv1,L3,10,3.023903,200,0.005831
layer2.1.bn1,L3,1,0.078268,200,0.053443
layer2.1.bn1,L3,2,0.076654,200,0.053443
layer2.1.bn1,L3,3,0.078493,200,0.053443
layer2.1.bn1,L3,4,0.081188,200,0.053443
layer2.1.bn1,L3,5,0.084737,200,0.053443
layer2.1.bn1,L3,6,0.089698,200,0.053443
layer2.1.bn1,L3,7,0.081728,200,0.053443
layer2.1.bn1,L3,8,0.076806,200,0.053443
layer2.1.bn1,L3,9,0.078944,200,0.053443
layer2.1.bn1,L3,10,0.075833,200,0.053443
layer2.1.relu1,L3,1,0.030128,200,0.037288
layer2.1.relu1,L3,2,0.029222,200,0.037288
layer2.1.relu1,L3,3,0.030676,200,0.037288
layer2.1.relu1,L3,4,0.031488,200,0.037288
layer2.1.relu1,L3,5,0.031679,200,0.037288
layer2.1.relu1,L3,6,0.03293,200,0.037288
layer2.1.relu1,L3,7,0.031272,200,0.037288
layer2.1.relu1,L3,8,0.029823,200,0.037288
layer2.1.relu1,L3,9,0.030326,200,0.037288
layer2.1.relu1,L3,10,0.029478,200,0.037288
layer2.1.conv2,L3,1,3.014869,200,0.006446
layer2.1.conv2,L3,2,3.004708,200,0.006446
layer2.1.conv2,L3,3,3.018241,200,0.006446
layer2.1.conv2,L3,4,3.024765,200,0.006446
layer2.1.conv2,L3,5,2.987113,200,0.006446
layer2.1.conv2,L3,6,2.963006,200,0.006446
layer2.1.conv2,L3,7,3.001952,200,0.006446
layer2.1.conv2,L3,8,3.014183,200,0.006446
layer2.1.conv2,L3,9,3.028552,200,0.006446
layer2.1.conv2,L3,10,3.007815,200,0.006446
layer2.1.bn2,L3,1,0.078171,200,0.032137
layer2.1.bn2,L3,2,0.074881,200,0.032137
layer2.1.bn2,L3,3,0.077689,200,0.032137
layer2.1.bn2,L3,4,0.081829,200,0.032137
layer2.1.bn2,L3,5,0.077011,200,0.032137
layer2.1.bn2,L3,6,0.076783,200,0.032137
layer2.1.bn2,L3,7,0.077985,200,0.032137
layer2.1.bn2,L3,8,0.076557,200,0.032137
layer2.1.bn2,L3,9,0.083298,200,0.032137
layer2.1.bn2,L3,10,0.077719,200,0.032137
layer2.1.add,L3,1,0.056165,200,0.036253
layer2.1.add,L3,2,0.054138,200,0.036253
layer2.1.add,L3,3,0.055643,200,0.036253
layer2.1.add,L3,4,0.058219,200,0.036253
layer2.1.add,L3,5,0.059387,200,0.036253
layer2.1.add,L3,6,0.06106,200,0.036253
layer2.1.add,L3,7,0.0583,200,0.036253
layer2.1.add,L3,8,0.057794,200,0.036253
layer2.1.add,L3,9,0.060091,200,0.036253
layer2.1.add,L3,10,0.057616,200,0.036253
layer2.1.relu2,L3,1,0.02722,200,0.018447
layer2.1.relu2,L3,2,0.026615,200,0.018447
layer2.1.relu2,L3,3,0.027431,200,0.018447
layer2.1.relu2,L3,4,0.027796,200,0.018447
layer2.1.relu2,L3,5,0.027777,200,0.018447
layer2.1.relu2,L3,6,0.026668,200,0.018447
layer2.1.relu2,L3,7,0.027229,200,0.018447
layer2.1.relu2,L3,8,0.027052,200,0.018447
layer2.1.relu2,L3,9,0.028189,200,0.018447
layer2.1.relu2,L3,10,0.027051,200,0.018447
layer2.1,L2,1,6.343652,200,0.005332
layer2.1,L2,2,6.315335,200,0.005332
layer2.1,L2,3,6.336033,200,0.005332
layer2.1,L2,4,6.36196,200,0.005332
layer2.1,L2,5,6.288805,200,0.005332
layer2.1,L2,6,6.253106,200,0.005332
layer2.1,L2,7,6.31591,200,0.005332
layer2.1,L2,8,6.3246,200,0.005332
layer2.1,L2,9,6.367127,200,0.005332
layer2.1,L2,10,6.321,200,0.005332
layer2,L1,1,12.184918,200,0.005061
layer2,L1,2,12.170813,200,0.005061
layer2,L1,3,12.128668,200,0.005061
layer2,L1,4,12.173806,200,0.005061
layer2,L1,5,12.086248,200,0.005061
layer2,L1,6,12.095344,200,0.005061
layer2,L1,7,12.198428,200,0.005061
layer2,L1,8,12.228283,200,0.005061
layer2,L1,9,12.293887,200,0.005061
layer2,L1,10,12.159493,200,0.005061
layer3.0.conv1,L3,1,1.968066,200,0.006417
layer3.0.conv1,L3,2,1.962283,200,0.006417
layer3.0.conv1,L3,3,1.987225,200,0.006417
layer3.0.conv1,L3,4,1.993887,200,0.006417
layer3.0.conv1,L3,5,1.968275,200,0.006417
layer3.0.conv1,L3,6,1.959251,200,0.006417
layer3.0.conv1,L3,7,1.972372,200,0.006417
layer3.0.conv1,L3,8,1.960941,200,0.006417
layer3.0.conv1,L3,9,1.978827,200,0.006417
layer3.0.conv1,L3,10,1.954897,200,0.006417
layer3.0.bn1,L3,1,0.085485,200,0.019399
layer3.0.bn1,L3,2,0.085366,200,0.019399
layer3.0.bn1,L3,3,0.088797,200,0.019399
layer3.0.bn1,L3,4,0.089556,200,0.019399
layer3.0.bn1,L3,5,0.087011,200,0.019399
layer3.0.bn1,L3,6,0.086425,200,0.019399
layer3.0.bn1,L3,7,0.086181,200,0.019399
layer3.0.bn1,L3,8,0.085208,200,0.019399
layer3.0.bn1,L3,9,0.088124,200,0.019399
layer3.0.bn1,L3,10,0.084476,200,0.019399
layer3.0.relu1,L3,1,0.03154,200,0.024132
layer3.0.relu1,L3,2,0.031679,200,0.024132
layer3.0.relu1,L3,3,0.033012,200,0.024132
layer3.0.relu1,L3,4,0.032343,200,0.024132
layer3.0.relu1,L3,5,0.031217,200,0.024132
layer3.0.relu1,L3,6,0.031614,200,0.024132
layer3.0.relu1,L3,7,0.031538,200,0.024132
layer3.0.relu1,L3,8,0.030721,200,0.024132
layer3.0.relu1,L3,9,0.032332,200,0.024132
layer3.0.relu1,L3,10,0.030478,200,0.024132
layer3.0.conv2,L3,1,3.659616,200,0.002603
layer3.0.conv2,L3,2,3.671076,200,0.002603
layer3.0.conv2,L3,3,3.678418,200,0.002603
layer3.0.conv2,L3,4,3.681803,200,0.002603
layer3.0.conv2,L3,5,3.679549,200,0.002603
layer3.0.conv2,L3,6,3.670733,200,0.002603
layer3.0.conv2,L3,7,3.673731,200,0.002603
layer3.0.conv2,L3,8,3.655473,200,0.002603
layer3.0.conv2,L3,9,3.666807,200,0.002603
layer3.0.conv2,L3,10,3.656628,200,0.002603
layer3.0.bn2,L3,1,0.100529,200,0.01207
layer3.0.bn2,L3,2,0.102986,200,0.01207
layer3.0.bn2,L3,3,0.102254,200,0.01207
layer3.0.bn2,L3,4,0.104666,200,0.01207
layer3.0.bn2,L3,5,0.10261,200,0.01207
layer3.0.bn2,L3,6,0.102613,200,0.01207
layer3.0.bn2,L3,7,0.10439,200,0.01207
layer3.0.bn2,L3,8,0.10149,200,0.01207
layer3.0.bn2,L3,9,0.103115,200,0.01207
layer3.0.bn2,L3,10,0.10202,200,0.01207
layer3.0.downsample,L3,1,0.493545,200,0.005229
layer3.0.downsample,L3,2,0.493282,200,0.005229
layer3.0.downsample,L3,3,0.494389,200,0.005229
layer3.0.downsample,L3,4,0.498224,200,0.005229
layer3.0.downsample,L3,5,0.49447,200,0.005229
layer3.0.downsample,L3,6,0.496676,200,0.005229
layer3.0.downsample,L3,7,0.498145,200,0.005229
layer3.0.downsample,L3,8,0.493486,200,0.005229
layer3.0.downsample,L3,9,0.499766,200,0.005229
layer3.0.downsample,L3,10,0.492125,200,0.005229
layer3.0.add,L3,1,0.038975,200,0.016183
layer3.0.add,L3,2,0.039106,200,0.016183
layer3.0.add,L3,3,0.038521,200,0.016183
layer3.0.add,L3,4,0.038699,200,0.016183
layer3.0.add,L3,5,0.037202,200,0.016183
layer3.0.add,L3,6,0.037786,200,0.016183
layer3.0.add,L3,7,0.038667,200,0.016183
layer3.0.add,L3,8,0.03852,200,0.016183
layer3.0.add,L3,9,0.038851,200,0.016183
layer3.0.add,L3,10,0.037733,200,0.016183
layer3.0.relu2,L3,1,0.027244,200,0.011448
layer3.0.relu2,L3,2,0.027526,200,0.011448
layer3.0.relu2,L3,3,0.027445,200,0.011448
layer3.0.relu2,L3,4,0.027995,200,0.011448
layer3.0.relu2,L3,5,0.02717,200,0.011448
layer3.0.relu2,L3,6,0.027498,200,0.011448
layer3.0.relu2,L3,7,0.026822,200,0.011448
layer3.0.relu2,L3,8,0.02762,200,0.011448
layer3.0.relu2,L3,9,0.027411,200,0.011448
layer3.0.relu2,L3,10,0.027189,200,0.011448
layer3.0,L2,1,6.4364,200,0.003941
layer3.0,L2,2,6.444502,200,0.003941
layer3.0,L2,3,6.481417,200,0.003941
layer3.0,L2,4,6.498854,200,0.003941
layer3.0,L2,5,6.458305,200,0.003941
layer3.0,L2,6,6.44374,200,0.003941
layer3.0,L2,7,6.462873,200,0.003941
layer3.0,L2,8,6.424566,200,0.003941
layer3.0,L2,9,6.466901,200,0.003941
layer3.0,L2,10,6.416226,200,0.003941
layer3.1.conv1,L3,1,3.62804,200,0.002491
layer3.1.conv1,L3,2,3.614542,200,0.002491
layer3.1.conv1,L3,3,3.620407,200,0.002491
layer3.1.conv1,L3,4,3.634613,200,0.002491
layer3.1.conv1,L3,5,3.62895,200,0.002491
layer3.1.conv1,L3,6,3.626815,200,0.002491
layer3.1.conv1,L3,7,3.637219,200,0.002491
layer3.1.conv1,L3,8,3.61293,200,0.002491
layer3.1.conv1,L3,9,3.633466,200,0.002491
layer3.1.conv1,L3,10,3.614207,200,0.002491
layer3.1.bn1,L3,1,0.097465,200,0.008706
layer3.1.bn1,L3,2,0.096223,200,0.008706
layer3.1.bn1,L3,3,0.097254,200,0.008706
layer3.1.bn1,L3,4,0.09787,200,0.008706
layer3.1.bn1,L3,5,0.096908,200,0.008706
layer3.1.bn1,L3,6,0.098001,200,0.008706
layer3.1.bn1,L3,7,0.098948,200,0.008706
layer3.1.bn1,L3,8,0.096519,200,0.008706
layer3.1.bn1,L3,9,0.097962,200,0.008706
layer3.1.bn1,L3,10,0.096533,200,0.008706
layer3.1.relu1,L3,1,0.034262,200,0.009304
layer3.1.relu1,L3,2,0.033389,200,0.009304
layer3.1.relu1,L3,3,0.034294,200,0.009304
layer3.1.relu1,L3,4,0.033915,200,0.009304
layer3.1.relu1,L3,5,0.034063,200,0.009304
layer3.1.relu1,L3,6,0.033901,200,0.009304
layer3.1.relu1,L3,7,0.034284,200,0.009304
layer3.1.relu1,L3,8,0.033754,200,0.009304
layer3.1.relu1,L3,9,0.034009,200,0.009304
layer3.1.relu1,L3,10,0.033504,200,0.009304
layer3.1.conv2,L3,1,3.540226,200,0.003865
layer3.1.conv2,L3,2,3.501772,200,0.003865
layer3.1.conv2,L3,3,3.513095,200,0.003865
layer3.1.conv2,L3,4,3.534807,200,0.003865
layer3.1.conv2,L3,5,3.524758,200,0.003865
layer3.1.conv2,L3,6,3.520228,200,0.003865
layer3.1.conv2,L3,7,3.527231,200,0.003865
layer3.1.conv2,L3,8,3.506035,200,0.003865
layer3.1.conv2,L3,9,3.533164,200,0.003865
layer3.1.conv2,L3,10,3.505189,200,0.003865
layer3.1.bn2,L3,1,0.099047,200,0.010015
layer3.1.bn2,L3,2,0.097012,200,0.010015
layer3.1.bn2,L3,3,0.097587,200,0.010015
layer3.1.bn2,L3,4,0.098058,200,0.010015
layer3.1.bn2,L3,5,0.097349,200,0.010015
layer3.1.bn2,L3,6,0.098924,200,0.010015
layer3.1.bn2,L3,7,0.09716,200,0.010015
layer3.1.bn2,L3,8,0.098583,200,0.010015
layer3.1.bn2,L3,9,0.100014,200,0.010015
layer3.1.bn2,L3,10,0.097526,200,0.010015
layer3.1.add,L3,1,0.047168,200,0.011207
layer3.1.add,L3,2,0.045939,200,0.011207
layer3.1.add,L3,3,0.046658,200,0.011207
layer3.1.add,L3,4,0.047044,200,0.011207
layer3.1.add,L3,5,0.046859,200,0.011207
layer3.1.add,L3,6,0.047037,200,0.011207
layer3.1.add,L3,7,0.048042,200,0.011207
layer3.1.add,L3,8,0.04715,200,0.011207
layer3.1.add,L3,9,0.046668,200,0.011207
layer3.1.add,L3,10,0.046987,200,0.011207
layer3.1.relu2,L3,1,0.02703,200,0.012667
layer3.1.relu2,L3,2,0.026521,200,0.012667
layer3.1.relu2,L3,3,0.026748,200,0.012667
layer3.1.relu2,L3,4,0.026818,200,0.012667
layer3.1.relu2,L3,5,0.026318,200,0.012667
layer3.1.relu2,L3,6,0.026764,200,0.012667
layer3.1.relu2,L3,7,0.026856,200,0.012667
layer3.1.relu2,L3,8,0.026598,200,0.012667
layer3.1.relu2,L3,9,0.027569,200,0.012667
layer3.1.relu2,L3,10,0.026608,200,0.012667
layer3.1,L2,1,7.499308,200,0.003196
layer3.1,L2,2,7.441017,200,0.003196
layer3.1,L2,3,7.461597,200,0.003196
layer3.1,L2,4,7.498813,200,0.003196
layer3.1,L2,5,7.480982,200,0.003196
layer3.1,L2,6,7.477796,200,0.003196
layer3.1,L2,7,7.495443,200,0.003196
layer3.1,L2,8,7.447376,200,0.003196
layer3.1,L2,9,7.499289,200,0.003196
layer3.1,L2,10,7.446177,200,0.003196
layer3,L1,1,13.969106,200,0.003116
layer3,L1,2,13.91833,200,0.003116
layer3,L1,3,13.975783,200,0.003116
layer3,L1,4,14.030688,200,0.003116
layer3,L1,5,13.972071,200,0.003116
layer3,L1,6,13.954514,200,0.003116
layer3,L1,7,13.991251,200,0.003116
layer3,L1,8,13.905016,200,0.003116
layer3,L1,9,13.999508,200,0.003116
layer3,L1,10,13.894843,200,0.003116
layer4.0.conv1,L3,1,4.012539,200,0.002492
layer4.0.conv1,L3,2,3.992476,200,0.002492
layer4.0.conv1,L3,3,4.00324,200,0.002492
layer4.0.conv1,L3,4,4.008741,200,0.002492
layer4.0.conv1,L3,5,4.003938,200,0.002492
layer4.0.conv1,L3,6,4.000797,200,0.002492
layer4.0.conv1,L3,7,4.014097,200,0.002492
layer4.0.conv1,L3,8,3.988038,200,0.002492
layer4.0.conv1,L3,9,4.009801,200,0.002492
layer4.0.conv1,L3,10,3.986542,200,0.002492
layer4.0.bn1,L3,1,0.097745,200,0.009469
layer4.0.bn1,L3,2,0.1005,200,0.009469
layer4.0.bn1,L3,3,0.098471,200,0.009469
layer4.0.bn1,L3,4,0.099352,200,0.009469
layer4.0.bn1,L3,5,0.097341,200,0.009469
layer4.0.bn1,L3,6,0.098548,200,0.009469
layer4.0.bn1,L3,7,0.099627,200,0.009469
layer4.0.bn1,L3,8,0.098465,200,0.009469
layer4.0.bn1,L3,9,0.098639,200,0.009469
layer4.0.bn1,L3,10,0.098034,200,0.009469
layer4.0.relu1,L3,1,0.031936,200,0.004775
layer4.0.relu1,L3,2,0.032109,200,0.004775
layer4.0.relu1,L3,3,0.032051,200,0.004775
layer4.0.relu1,L3,4,0.032171,200,0.004775
layer4.0.relu1,L3,5,0.031934,200,0.004775
layer4.0.relu1,L3,6,0.031946,200,0.004775
layer4.0.relu1,L3,7,0.031893,200,0.004775
layer4.0.relu1,L3,8,0.032076,200,0.004775
layer4.0.relu1,L3,9,0.03169,200,0.004775
layer4.0.relu1,L3,10,0.031755,200,0.004775
layer4.0.conv2,L3,1,6.169081,200,0.002643
layer4.0.conv2,L3,2,6.165378,200,0.002643
layer4.0.conv2,L3,3,6.139859,200,0.002643
layer4.0.conv2,L3,4,6.15127,200,0.002643
layer4.0.conv2,L3,5,6.136219,200,0.002643
layer4.0.conv2,L3,6,6.143782,200,0.002643
layer4.0.conv2,L3,7,6.183744,200,0.002643
layer4.0.conv2,L3,8,6.146758,200,0.002643
layer4.0.conv2,L3,9,6.15982,200,0.002643
layer4.0.conv2,L3,10,6.133122,200,0.002643
layer4.0.bn2,L3,1,0.094068,200,0.008774
layer4.0.bn2,L3,2,0.093586,200,0.008774
layer4.0.bn2,L3,3,0.094002,200,0.008774
layer4.0.bn2,L3,4,0.095347,200,0.008774
layer4.0.bn2,L3,5,0.093873,200,0.008774
layer4.0.bn2,L3,6,0.095344,200,0.008774
layer4.0.bn2,L3,7,0.095364,200,0.008774
layer4.0.bn2,L3,8,0.093412,200,0.008774
layer4.0.bn2,L3,9,0.094831,200,0.008774
layer4.0.bn2,L3,10,0.093329,200,0.008774
layer4.0.downsample,L3,1,0.510969,200,0.007709
layer4.0.downsample,L3,2,0.518708,200,0.007709
layer4.0.downsample,L3,3,0.506687,200,0.007709
layer4.0.downsample,L3,4,0.512431,200,0.007709
layer4.0.downsample,L3,5,0.510806,200,0.007709
layer4.0.downsample,L3,6,0.514442,200,0.007709
layer4.0.downsample,L3,7,0.514693,200,0.007709
layer4.0.downsample,L3,8,0.508658,200,0.007709
layer4.0.downsample,L3,9,0.51757,200,0.007709
layer4.0.downsample,L3,10,0.508762,200,0.007709
layer4.0.add,L3,1,0.03004,200,0.011084
layer4.0.add,L3,2,0.030138,200,0.011084
layer4.0.add,L3,3,0.030063,200,0.011084
layer4.0.add,L3,4,0.030178,200,0.011084
layer4.0.add,L3,5,0.029649,200,0.011084
layer4.0.add,L3,6,0.030248,200,0.011084
layer4.0.add,L3,7,0.030188,200,0.011084
layer4.0.add,L3,8,0.030185,200,0.011084
layer4.0.add,L3,9,0.030885,200,0.011084
layer4.0.add,L3,10,0.029722,200,0.011084
layer4.0.relu2,L3,1,0.02368,200,0.0101
layer4.0.relu2,L3,2,0.024263,200,0.0101
layer4.0.relu2,L3,3,0.024095,200,0.0101
layer4.0.relu2,L3,4,0.024403,200,0.0101
layer4.0.relu2,L3,5,0.024123,200,0.0101
layer4.0.relu2,L3,6,0.024183,200,0.0101
layer4.0.relu2,L3,7,0.024311,200,0.0101
layer4.0.relu2,L3,8,0.023893,200,0.0101
layer4.0.relu2,L3,9,0.024486,200,0.0101
layer4.0.relu2,L3,10,0.024339,200,0.0101
layer4.0,L2,1,11.000631,200,0.00245
layer4.0,L2,2,10.988117,200,0.00245
layer4.0,L2,3,10.959123,200,0.00245
layer4.0,L2,4,10.984837,200,0.00245
layer4.0,L2,5,10.958871,200,0.00245
layer4.0,L2,6,10.970736,200,0.00245
layer4.0,L2,7,11.025108,200,0.00245
layer4.0,L2,8,10.952207,200,0.00245
layer4.0,L2,9,10.998845,200,0.00245
layer4.0,L2,10,10.936096,200,0.00245
layer4.1.conv1,L3,1,6.142098,200,0.002845
layer4.1.conv1,L3,2,6.188909,200,0.002845
layer4.1.conv1,L3,3,6.154952,200,0.002845
layer4.1.conv1,L3,4,6.15955,200,0.002845
layer4.1.conv1,L3,5,6.144142,200,0.002845
layer4.1.conv1,L3,6,6.156053,200,0.002845
layer4.1.conv1,L3,7,6.170251,200,0.002845
layer4.1.conv1,L3,8,6.13678,200,0.002845
layer4.1.conv1,L3,9,6.178978,200,0.002845
layer4.1.conv1,L3,10,6.140353,200,0.002845
layer4.1.bn1,L3,1,0.095896,200,0.006978
layer4.1.bn1,L3,2,0.096394,200,0.006978
layer4.1.bn1,L3,3,0.096392,200,0.006978
layer4.1.bn1,L3,4,0.097824,200,0.006978
layer4.1.bn1,L3,5,0.095507,200,0.006978
layer4.1.bn1,L3,6,0.096267,200,0.006978
layer4.1.bn1,L3,7,0.096958,200,0.006978
layer4.1.bn1,L3,8,0.095754,200,0.006978
layer4.1.bn1,L3,9,0.09636,200,0.006978
layer4.1.bn1,L3,10,0.095851,200,0.006978
layer4.1.relu1,L3,1,0.031305,200,0.00948
layer4.1.relu1,L3,2,0.031403,200,0.00948
layer4.1.relu1,L3,3,0.031979,200,0.00948
layer4.1.relu1,L3,4,0.031331,200,0.00948
layer4.1.relu1,L3,5,0.031325,200,0.00948
layer4.1.relu1,L3,6,0.031513,200,0.00948
layer4.1.relu1,L3,7,0.031098,200,0.00948
layer4.1.relu1,L3,8,0.030902,200,0.00948
layer4.1.relu1,L3,9,0.03141,200,0.00948
layer4.1.relu1,L3,10,0.03103,200,0.00948
layer4.1.conv2,L3,1,6.109083,200,0.001838
layer4.1.conv2,L3,2,6.113892,200,0.001838
layer4.1.conv2,L3,3,6.105116,200,0.001838
layer4.1.conv2,L3,4,6.099081,200,0.001838
layer4.1.conv2,L3,5,6.098399,200,0.001838
layer4.1.conv2,L3,6,6.088491,200,0.001838
layer4.1.conv2,L3,7,6.117713,200,0.001838
layer4.1.conv2,L3,8,6.083058,200,0.001838
layer4.1.conv2,L3,9,6.11271,200,0.001838
layer4.1.conv2,L3,10,6.098714,200,0.001838
layer4.1.bn2,L3,1,0.094158,200,0.007871
layer4.1.bn2,L3,2,0.093847,200,0.007871
layer4.1.bn2,L3,3,0.094073,200,0.007871
layer4.1.bn2,L3,4,0.096257,200,0.007871
layer4.1.bn2,L3,5,0.094368,200,0.007871
layer4.1.bn2,L3,6,0.095263,200,0.007871
layer4.1.bn2,L3,7,0.094286,200,0.007871
layer4.1.bn2,L3,8,0.094292,200,0.007871
layer4.1.bn2,L3,9,0.09463,200,0.007871
layer4.1.bn2,L3,10,0.09382,200,0.007871
layer4.1.add,L3,1,0.033199,200,0.007413
layer4.1.add,L3,2,0.032726,200,0.007413
layer4.1.add,L3,3,0.033231,200,0.007413
layer4.1.add,L3,4,0.03328,200,0.007413
layer4.1.add,L3,5,0.033375,200,0.007413
layer4.1.add,L3,6,0.033296,200,0.007413
layer4.1.add,L3,7,0.033483,200,0.007413
layer4.1.add,L3,8,0.033151,200,0.007413
layer4.1.add,L3,9,0.033628,200,0.007413
layer4.1.add,L3,10,0.033039,200,0.007413
layer4.1.relu2,L3,1,0.023398,200,0.010678
layer4.1.relu2,L3,2,0.023698,200,0.010678
layer4.1.relu2,L3,3,0.023558,200,0.010678
layer4.1.relu2,L3,4,0.023858,200,0.010678
layer4.1.relu2,L3,5,0.023734,200,0.010678
layer4.1.relu2,L3,6,0.023325,200,0.010678
layer4.1.relu2,L3,7,0.024161,200,0.010678
layer4.1.relu2,L3,8,0.023736,200,0.010678
layer4.1.relu2,L3,9,0.023972,200,0.010678
layer4.1.relu2,L3,10,0.023596,200,0.010678
layer4.1,L2,1,12.555529,200,0.002137
layer4.1,L2,2,12.606783,200,0.002137
layer4.1,L2,3,12.565296,200,0.002137
layer4.1,L2,4,12.567342,200,0.002137
layer4.1,L2,5,12.54742,200,0.002137
layer4.1,L2,6,12.550334,200,0.002137
layer4.1,L2,7,12.5942,200,0.002137
layer4.1,L2,8,12.523731,200,0.002137
layer4.1,L2,9,12.59781,200,0.002137
layer4.1,L2,10,12.542795,200,0.002137
layer4,L1,1,23.589465,200,0.002124
layer4,L1,2,23.627982,200,0.002124
layer4,L1,3,23.557191,200,0.002124
layer4,L1,4,23.586102,200,0.002124
layer4,L1,5,23.539754,200,0.002124
layer4,L1,6,23.553995,200,0.002124
layer4,L1,7,23.652385,200,0.002124
layer4,L1,8,23.509024,200,0.002124
layer4,L1,9,23.630572,200,0.002124
layer4,L1,10,23.511708,200,0.002124
avgpool,L1,1,0.093476,200,0.00613
avgpool,L1,2,0.093512,200,0.00613
avgpool,L1,3,0.093329,200,0.00613
avgpool,L1,4,0.094296,200,0.00613
avgpool,L1,5,0.093889,200,0.00613
avgpool,L1,6,0.092641,200,0.00613
avgpool,L1,7,0.094716,200,0.00613
avgpool,L1,8,0.09352,200,0.00613
avgpool,L1,9,0.093521,200,0.00613
avgpool,L1,10,0.094069,200,0.00613
fc,L1,1,0.235318,200,0.007673
fc,L1,2,0.236262,200,0.007673
fc,L1,3,0.236635,200,0.007673
fc,L1,4,0.234321,200,0.007673
fc,L1,5,0.238055,200,0.007673
fc,L1,6,0.235294,200,0.007673
fc,L1,7,0.239745,200,0.007673
fc,L1,8,0.236717,200,0.007673
fc,L1,9,0.239453,200,0.007673
fc,L1,10,0.235567,200,0.007673
model,L0,1,75.174087,200,0.004047
model,L0,2,75.237492,200,0.004047
model,L0,3,75.100695,200,0.004047
model,L0,4,75.319216,200,0.004047
model,L0,5,75.268215,200,0.004047
model,L0,6,75.492298,200,0.004047
model,L0,7,75.807822,200,0.004047
model,L0,8,75.526445,200,0.004047
model,L0,9,75.901143,200,0.004047
model,L0,10,74.941747,200,0.004047
